item,description,primary_machine,scorable_units_2026,2026-01,2026-02,2026-03,2026-04,2026-05,2026-06,2026-07,FY2026_eff_pct
TB060,ORG Hazelnut Tea Bag Loose - GA,Maisa 1,124264,125.5,,131.4,119.2,,,,126.1
TB130,ORG Maca Chocolate Tea Bag - G,Maisa 2+3,99340,135.3,121.3,,100.9,260.4,,,136.2
TB010,ORG Vanilla Nut Tea Bag Loose - GA,Maisa 2+3,98840,122.8,102.2,159.1,146.3,,,,131.1
TB110,ORG French Roast Tea Bag Loose - G,Maisa 2+3,88800,64.1,153.3,63.2,,,,95.8,74.8
NTB0010,Vanilla Nut Tagless 6g Tea Bag - GA,Maisa 1,85200,157.9,100.2,,,,,,126.2
NTB3220,Dandelion Caramel Nut Tagless 6g Tea Bag - A,Maisa 2+3,73200,199.0,,140.7,,,,,160.8
TB311,ORG Dandelion Dark Roast Tea Bag,Maisa 2+3,64500,159.5,,60.5,46.4,,,,70.5
TB502,ORG Chaga Ashwagandha Loose Tea Bag,Maisa 2+3,57080,69.4,,137.5,,,,,109.2
TB334,ORG Dandelion Coconut Tea Bag - A,Maisa 1,56850,74.1,,122.0,132.8,,,,106.1
TB322,ORG Dandelion Caramel Nut Tea Bag - A,Maisa 1,55096,119.9,,200.6,112.1,,,,124.7
43111,ORG Dandelion Dark Roast 25CT Tea Bag,Maisa 2+3,49328,106.2,,2309.4,102.0,,64.3,,666.7
ntb0110,French Roast Tagless 6g Tea Bag - G,Maisa 2+3,44400,178.3,,,,,,,178.3
TB331,ORG Dandelion Mocha Mint Tea Bag - A,Maisa 1,44000,119.0,281.6,119.0,,,142.8,,140.0
TB505,ORG Turkey Tail Astragalus Loose Tea Bag - G,Maisa 1,42000,,90.3,,86.6,,,,88.7
NTB0080,Mocha Tagless 6g Tea Bag - GA,Maisa 2+3,41796,,185.0,191.7,,,,,189.7
TB503,ORG Lion's Mane Rhodiola Loose Tea Bag - G,Maisa 2+3,39550,125.5,25.1,,92.5,,,,37.9
10031,Roasted Chicory Root - 1 Lb Bag,WeighRight,34911,63.7,72.0,106.1,,52.6,41.3,40.5,55.3
TB333,ORG Dandelion Turmeric Tea Bag,Maisa 2+3,32700,,,134.3,109.9,,,,128.1
NTB3110,Dandelion Dark Roast Tagless 6g Tea Bag,Maisa 2+3,32604,174.9,,,,,,,174.9
TB332,ORG Dandelion Red Chai Tea Bag,Maisa 1,32153,62.0,,,62.3,,,,62.1
TB601,ORG Dark Chocolate Loose Tea Bag,Maisa 2+3,31547,131.0,439.1,,169.1,,,,173.6
NTB0060,Hazelnut Tagless 6g Tea Bag - GA,Maisa 1,31200,196.1,,,,,,,196.1
TB501,ORG Reishi Eleuthero Loose Tea Bag - G,Maisa 2+3,29880,,120.3,,78.8,,,,91.5
TB506,ORG Tremella Tulsi Loose Tea Bag,Maisa 2+3,29765,,,,,98.2,,,98.2
TB504,ORG Cordyceps Schisandra Loose Tea Bag,Maisa 2+3,27075,,,131.2,,,,,131.2
TB030,ORG Almond Amaretto Tea Bag - GA,Maisa 2+3,26209,,,83.3,162.6,,,,137.6
10013,"ORG Hibisicus, 8 Oz Bag",AMS,14780,135.8,51.0,49.1,81.7,102.1,67.4,85.6,76.0
TB337,ORG Blueberry Vanilla Tea Bag,Maisa 1,13173,,178.5,105.4,,,,,113.1
80110A,AMZN Org French Roast 11OZ Bag/Box of 24 - G,WeighRight,11904,141.5,118.9,,129.2,95.4,99.9,83.3,116.9
47010,75147 TJ ORG Roasted Herbal Cofee (12 Pack) - G,Maisa 2+3,10665,94.0,105.2,,110.3,,103.3,81.9,99.3
83110L,ORG Dandelion Dark Roast 10 oz Bag/Box of 24,WeighRight,10581,128.1,101.5,126.2,,86.8,101.1,90.6,103.4
10051,ORG Roasted Chicory Root - 1 Lb Bag,WeighRight,10580,50.7,,58.6,,67.1,35.1,4.0,40.8
46011,ORG Dark Chocolate 25 Ct Tea Bag,Maisa 2+3,10542,104.9,115.0,98.9,99.4,79.6,52.6,44.4,91.3
43220,ORG Dandelion Caramel Nut 10ct/6pk Tea Bag - A,Maisa 2+3,9703,100.1,114.8,109.7,,70.6,106.5,,102.1
10006A,WWB AMZN Organic Lemon Balm (6 Oz) ,AMS,8806,56.3,63.7,,48.9,,43.8,34.6,51.8
50110,ORG French Roast 30g Trial Size Packet - G,WeighRight,8405,200.9,,143.4,203.2,,,597.4,192.3
TB080,ORG Mocha Tea Bag - GA,Maisa 1,8000,,,,121.9,,,,121.9
TB308,ORG Dandelion Mocha Tea Bag - A,Maisa 2+3,8000,,,320.9,,,,,320.9
80040L,ORG Blood Orange 11OZ Bag/Box of 24 - GA,WeighRight,7944,,,117.6,31.7,,,,98.3
40001L,Herbal Tea Sampler Box - Loose,Assembly,7908,143.4,144.3,,190.7,,,,153.5
85070L,ORG Miraculous Mushrooms A&P 10oz Bag/Box of 24,WeighRight,7842,188.7,125.0,118.0,117.4,120.5,156.4,71.1,116.0
86010L,ORG Dark Chocolate 10 Oz Bag/Box of 24,WeighRight,7830,136.6,118.0,109.4,,,,60.9,104.0
50070,ORG Java 30g Trial Size Packet - GA,WeighRight,7560,168.2,,131.4,141.4,,,,140.5
53110,Dandelion Dark Roast 30g Trial Size Packet,WeighRight,7065,141.5,,143.0,,,,,142.7
46010L,ORG Dark Chocolate 10 Ct Tea Bag/36 Count Box,Maisa 2+3,6946,140.7,87.6,222.6,138.8,,62.5,89.7,111.4
45020,ORG Chaga Ashwagandha 10 Ct Tea Bag/6 Count Case,Maisa 2+3,6891,71.9,91.0,100.7,94.7,,105.6,80.6,92.8
50010,ORG Vanilla Nut 30g Trial Size Packet - GA,WeighRight,6840,,174.2,159.8,161.5,,,,162.9
55020,Chaga Ashwagandha 30g Trial Size Packet,WeighRight,6840,,175.4,133.4,135.6,,,,140.0
56010,Dark Chocolate 30g Trial Size Packet,WeighRight,6660,156.5,123.0,143.5,,,,,135.6
50060,ORG Hazelnut 30g Trial Size Packet - GA,WeighRight,6480,,131.9,168.9,118.6,,,,138.9
10005A,WWB AMZN Organic Chia (1lb),AMS,6292,31.6,44.1,68.7,,69.6,,,51.4
10201,WWB - ORG Peppermint Leaf - 4 Oz Bag,AMS,6045,51.4,50.6,62.1,53.5,60.8,,,54.9
43001L,Dandelion Tea Sampler Box - Loose - G,Assembly,5990,,88.4,407.2,173.3,,297.5,155.0,135.1
10039A,AMZN Roasted French Chicory 2 X 1 Lb Bag,WeighRight,5664,66.3,52.4,52.3,,35.2,36.5,,42.8
10042,ORG Burdock 1 Lb Bag,WeighRight,5631,,289.8,38.7,131.1,223.9,,107.6,124.0
40010,ORG Vanilla Nut 10ct/6pk Tea Bag - GA,Maisa 2+3,5621,73.0,98.1,109.3,82.9,,,,97.0
43221,ORG Dandelion Caramel Nut 25CT Tea Bag - A,Maisa 2+3,5560,,87.1,110.4,91.3,,76.5,,90.9
10012,"ORG Lemon Grass, 7 Oz Bag",AMS,5520,,51.7,,,,,54.1,52.6
43110,ORG Dandelion Dark Roast 10ct/6pk Tea Bag,Maisa 2+3,5485,34.8,117.3,77.1,97.7,,,51.0,65.7
45001L,Mushroom Adapt Tea Bag Sampler Box,Assembly,5302,,68.9,127.1,,208.3,,188.9,117.1
10008,"Org Rooibos, 8 Oz Bag",AMS,4911,208.7,172.7,80.6,,52.1,,91.7,101.2
40111,ORG French Roast 25CT Tea Bag - G,Maisa 1,4800,69.8,103.0,105.5,,53.2,70.5,,84.8
55070,ORG Miraculous Mushrooms A+P 30g Trial Size Packet,WeighRight,4705,,,148.4,,,107.5,,124.6
46010,ORG Dark Chocolate 10 Ct Tea Bag/6 Count Case,Maisa 2+3,4531,93.2,113.5,91.5,143.8,,,,110.4
80110L,Org French Roast 11oz Bag/Box of 24 - G,WeighRight,4344,113.6,,,138.4,112.1,121.2,,118.4
10402A,AMZN- WWB-ORG Rama Tulsi - 8 OZ Bag,AMS,4296,33.8,55.6,40.8,,24.9,,,37.7
10071,AMZN - WWB - ORG Roasted Barley - 1 Lb - G,AMS,4248,171.0,56.9,91.3,,,,,77.2
TB507,ORG Miraculous Mushroom A&P Loose Tea Bag,Maisa 2+3,4200,,,,,113.1,,46.0,105.8
10101,WWB - ORG Medium Roasted Carob Flour - 1 Lb Bag,AMS,4176,23.8,,58.0,48.5,,,,34.1
30003,Instant Chicory - 8 Oz Bag,AMS,3967,38.8,,,,,,41.4,39.3
40001A,AMZN Labeled Herbal Tea Sampler Box/Variety Pack,Assembly,3960,181.4,250.9,,173.0,271.9,,,236.1
80060A,AMZN Org Hazelnut 11OZ Bag/Box of 24 - GA,WeighRight,3924,128.3,,,89.2,,185.7,,123.4
45021,ORG Chaga Ashwagandha 25 Ct Tea Bag,Maisa 2+3,3906,,100.3,109.6,,,70.9,,88.4
30008L,ORG Instant French Roast 100g Bag - G,AMS,3845,60.8,,60.1,63.5,,107.2,117.1,74.8
43310L,Org Dandelion Mocha Mint 10 Ct Tea Bag Loose - A,Maisa 2+3,3806,127.8,,128.9,86.6,224.8,,,123.8
40060,ORG Hazelnut 10ct/6pk Tea Bag - GA,Maisa 1,3705,117.0,95.7,122.6,111.5,65.5,,,103.6
80010A,AMZN Org Vanilla Nut 11OZ Bag/Box of 24 - GA,WeighRight,3504,131.9,,105.7,,,112.2,,113.5
80060L,Org Hazelnut 11OZ Bag/Box of 24 - GA,WeighRight,3504,149.5,132.1,,,,130.4,,139.3
43341,Dandelion Coconut 25 Count Tea Bag - A,Maisa 1,3408,95.7,102.2,105.7,100.2,,,,101.0
80030L,ORG Almond Amaretto 11OZ Bag/Box of 24 - GA,WeighRight,3392,121.1,,,84.6,,47.2,122.1,84.9
40061,ORG Hazelnut 25CT Tea Bag - GA,Maisa 1,3360,,87.9,121.2,104.7,,,,101.9
10022,ORG Raw Dandelion1 Lb Bag,AMS,3284,,,72.3,68.0,24.5,,,65.9
50130,ORG MACA Chocolate 30g Trial Size Packet - G,WeighRight,3240,173.0,,,176.7,,,103.5,142.1
10044,AMZN- WWB-ORG Hibiscus - 1 Lb Bag,AMS,3233,112.7,16.2,,56.6,29.6,39.3,55.4,42.6
30013L,ORG Miraculous Mushrooms Cacao 135g Bag,AMS,3208,25.2,,55.0,70.8,,79.9,,43.2
80010,ORG Vanilla Nut 11oz Bag/6 Count Case - GA,WeighRight,3193,,127.9,109.5,119.5,107.2,,101.3,113.8
85020L,ORG Chaga Ashwagandha 10 Oz Bag/Box of 24,WeighRight,3144,116.8,122.1,,,,,105.0,115.8
43311,Dandelion Mocha Mint 25 Count Tea Bag - A,Maisa 1,3123,96.7,,,72.8,,,,82.4
10024,ORG Lavender 4 Oz Bag - 79523910024,AMS,3096,63.0,58.8,,,113.8,,,67.9
10027,Organic Licorice C/S - 8 Oz Bag,WeighRight,3080,128.0,157.4,,69.2,,,,113.4
TB070,ORG Java Tea Bag - GA,Maisa 1,3000,,,,160.5,,,,160.5
80110,ORG French Roast 11OZ Bag/6 Count Case - G,WeighRight,2987,78.4,109.3,31.1,176.3,83.3,109.3,,75.5
80030A,AMZN Org Almond Amaretto 11OZ Bag/Box of 24 - GA,WeighRight,2928,124.3,,120.6,,,,824.4,140.0
50080,ORG Mocha 30g Trial Size Packet - GA,WeighRight,2880,167.1,,,,148.3,,,154.8
30007L,ORG Instant Miraculous Mushrooms AP 100g Bag,AMS,2854,110.7,75.5,,73.0,,61.6,,77.6
48003,WWB ORG Lemon Balm 25ct Tea Bag 2.25g,Maisa 1,2808,,75.5,88.1,,93.3,,,84.9
40071,ORG Java 25CT Tea Bag - GA,Maisa 2+3,2798,90.0,,200.2,412.1,63.9,,60.6,89.8
53220,Dandelion Caramel Nut 30g Trial Size Packet - A,WeighRight,2700,,,,147.6,,,,147.6
10061A,AMZN - WWB - ORG Date Sugar - 1 Lb,AMS,2671,34.3,33.1,47.4,,,,,40.4
43310,ORG Dandelion Mocha Mint 10CT Tea Bag - A,Maisa 1,2631,82.1,134.8,106.5,,,70.8,,94.0
40031,ORG Almond Amaretto 25CT Tea Bag - GA,Maisa 1,2595,,81.5,114.5,167.7,,,,118.0
TB301,ORG Dandelion Vanilla Nut Tea Bag - A,Maisa 1,2570,,128.5,,,,,,128.5
10401A,AMZN-WWB-ORG Krishna Tulsi- 8OZ Bag,AMS,2520,36.9,39.8,,,,,,38.3
10019,ORG Astragalus 8 Oz Bag,AMS,2512,,184.0,,,87.2,,,112.5
40132,ORG Maca Chocolate 25CT Tea Bag - G,Maisa 2+3,2506,95.1,140.2,,261.9,91.2,,,111.6
30011L,ORG Instant Mocha 100g Bag - G,AMS,2433,61.7,62.2,87.0,,,,,68.8
40130,ORG Maca Chocolate 10ct/6pk Tea Bag - G,Maisa 2+3,2432,89.6,110.4,,36.9,99.5,,,90.8
43226,Dandelion Caramel Nut Tagless Tea Bag - 50 Ct - A,AMS,2421,200.4,,100.0,101.6,,129.3,,120.1
43340,ORG Dandelion Coconut 10CT Tea Bag - A,Maisa 1,2402,86.3,,99.4,116.9,,115.3,,103.3
TGB502,Chaga Ashwaganda Tea Goody Bag,Assembly,2395,,23.3,14.4,17.7,8.1,,24.8,16.3
40081,ORG Mocha 25CT Tea Bag - GA,Maisa 2+3,2382,88.4,,118.8,643.9,,,,112.0
82130L,ORG Mexican Chocolate 11OZ Bag/Box of 24 - G,WeighRight,2319,90.7,134.9,,98.9,,,135.7,108.6
43220L,Org Dandelion Caramel Nut 10 Ct Tea Bag Loose - A,Maisa 2+3,2278,,37.8,90.6,479.6,,,,91.3
40131,ORG Mexican Chocolate 25CT Tea Bag - G,Maisa 2+3,2272,101.7,97.0,,,,94.5,,97.5
43081,ORG Dandelion Mocha 25CT Tea Bag - A,Maisa 1,2211,,90.7,149.8,474.1,,,,166.0
80113,ORG French Roast 11OZ Bag 3PK - G,WeighRight,2208,107.7,158.9,111.3,151.5,109.1,377.7,78.0,118.9
10059A,AMZN ORG French Chicory 2 X 1 Lb Bag,WeighRight,2184,56.4,,52.8,,,29.9,58.0,47.6
50089,ORG Raspberry Mocha 30g Trial Size Packet - GA,WeighRight,2160,121.8,,,138.2,,,,129.5
53340,Dandelion Coconut 30g Trial Size Packet - A,WeighRight,2160,,,,148.1,,,,148.1
40016,Vanilla Nut Tagless Tea Bag - 50 Ct - GA,AMS,2103,169.1,116.1,,101.0,,,,131.8
40011A,ORG 25 CT Vanilla Nut AMZN - GA,Maisa 2+3,2088,71.2,,123.2,,,,,84.3
45070,ORG Miraculous Mushrooms A&P 10Ct/6Pk Tea Bag,Maisa 1,2067,83.9,114.4,99.8,136.4,,,90.1,100.1
30012L,ORG GF Dandelion Blend 100g Bag,AMS,2045,120.1,,114.8,,,,62.4,92.5
82110L,ORG French Vanilla 11OZ Bag/Box of 24 - G,WeighRight,2019,151.6,114.3,,,,,164.2,139.3
50030,Almond Amaretto 30g Trial Size Packet - GA,WeighRight,1980,118.9,,,87.0,,,,101.9
45030,ORG Lion's Mane Rhodiola 10 Ct Tea Bag/6 Count Case - G,Maisa 2+3,1937,100.7,148.8,87.0,,73.4,,,94.5
83220L,Dandelion Caramel Nut 10 Oz Bag/Box of 24 - A,WeighRight,1935,143.6,113.6,,190.2,,169.7,206.1,152.1
10302A,WWB Organic Cinnamon Powder 1lb - AMZN Label,AMS,1901,8.6,,23.9,33.1,,101.8,,28.0
43116,Dandelion DarkRoast Tagless Tea Bag - 50 Ct,Maisa 1,1890,111.3,,98.2,,,,7.5,98.4
10001A,Sage 2 Oz Bags AMZN,AMS,1870,34.5,40.7,34.0,,,,42.3,39.3
52060,Maple Pecan 30g Trial Size Packet - GA,WeighRight,1861,,,,147.0,,,,147.0
55050,Turkey Tail Astragalus 30g Trial Size Packet - G,WeighRight,1846,163.8,,,139.2,,,,152.6
80130L,Org Maca Chocoate 11oz Bag/Box of 24 - G,WeighRight,1821,151.8,130.9,,,,,197.9,152.2
45071,ORG Miraculous Mushroom A&P 25 Ct Tea Bag,Maisa 2+3,1819,,324.5,110.0,,39.2,,,79.8
55030,Lion's Mane Rhodiola 30g Trial Size Packet - G,WeighRight,1800,,,117.8,,,,,117.8
80070A,AMZN Org Java 11OZ Bag/Box of 24 - GA,WeighRight,1800,,134.0,120.5,,,,,129.2
85010L,ORG Reishi Eleuthero 10 Oz Bag/Box of 24 - G,WeighRight,1784,,97.0,101.6,329.8,,,97.7,111.3
40021,ORG Chocolate Mint 25CT Tea Bag - GA,Maisa 1,1776,103.9,114.5,,44.1,,,,83.8
45051,ORG Turkey Tail Astragalus 25 Ct Tea Bag - G,Maisa 1,1740,,78.7,,198.7,,,,88.7
83340L,ORG Dandelion Coconut 10 Oz Bag/Box of 24 - A,WeighRight,1731,132.9,,135.0,183.2,,,,143.6
80070L,Org Java 11OZ Bag/Box of 24 - GA,WeighRight,1722,,64.1,163.4,,,,238.2,179.2
31007L,ORG Instant Miraculous Mushrooms AP Latte 224g Bag,AMS,1713,66.6,46.6,79.5,,,,,66.9
45050,ORG Turkey Tail Astragalus 10 Ct Tea Bag/6 Count Case - G,Maisa 2+3,1700,,102.9,123.9,90.0,,,,101.6
80010L,Org Vanilla Nut 11OZ Bag/Box of 24 - GA,WeighRight,1682,134.7,4.9,,,,197.9,,79.1
43011,ORG Dandelion Vanilla Nut 25CT Tea Bag - A,Maisa 1,1643,58.3,64.2,,103.9,,,,72.1
40066,Hazelnut Tagless Tea Bag - 50 Ct - GA,AMS,1606,207.5,165.1,,,90.1,,,143.8
40011,ORG Vanila Nut 25CT Tea Bag - GA,Maisa 2+3,1596,,,107.7,51.0,,,,80.2
30005L,ORG GF Dandelion Blend 312g Bag,AMS,1587,37.4,,26.2,,,,,29.7
TGB507,ORG Miraculous Mushroom AP Tea Bag Goody Bag,Assembly,1585,,21.6,11.5,,11.5,,,16.4
10035,Chicory 5 Lb Bag,WeighRight,1584,,59.3,,,58.6,33.4,,51.7
10023,WWB - ORG Elderberries - 1 Lb Bag,WeighRight,1568,52.4,,36.6,32.7,,,,39.3
80050L,ORG English Toffee 11oz Bag/Box of 24 - GA,WeighRight,1557,52.0,,227.0,,,130.3,,117.3
80080,ORG Mocha 11OZ Bag/6 Count Case - GA,WeighRight,1545,124.9,135.6,100.9,92.5,74.7,,131.6,105.6
82060L,ORG Maple Pecan 11OZ Bag/Box of 24 - GA,WeighRight,1533,,245.2,,,93.2,,99.9,129.5
10026,ORG Orange Peel 8 Oz Bag,AMS,1497,,80.4,41.7,20.4,,,,26.6
31005L,ORG GF Instant Dandelion Latte 224g Bag,AMS,1487,64.6,,65.4,,,,,65.1
40110,ORG French Roast 10 Count Tea Bag - G,Maisa 2+3,1472,,,99.6,,75.7,,86.1,87.9
40001,Herbal Tea Sampler Box - 6 Count Case,Assembly,1466,,29.2,12.5,25.9,,28.0,,20.1
45001,Mushroom Adaptogen TB Sampler Box - 6 Count Case - G,Assembly,1454,13.2,,15.9,59.0,11.0,28.3,,15.3
53310,Dandelion Mocha Mint 30g Trial Size Packet - A,WeighRight,1440,,,,138.0,,,,138.0
42061,ORG Maple Pecan 25CT Tea Bag - GA,Maisa 1,1422,75.9,104.3,,,,,,84.9
45020F,Chaga Ashwagandha Dual Language 10 cnt TB,Maisa 2+3,1407,,109.5,137.6,,,60.8,,106.6
80060,ORG Hazelnut 11OZ Bag/6 Count Case - GA,WeighRight,1380,,98.7,101.4,92.8,,,100.9,97.9
TGB601,ORG Dark Chocolate Tea Bag Goody Bag,Assembly,1375,,,11.5,12.5,29.5,,34.5,22.2
30010L,ORG Instant Hazelnut 100g Bag - G,AMS,1344,91.3,,,76.0,,,,83.7
42041,Snickerdoodle 25CT Tea Bag - GA,Maisa 1,1335,,84.4,,116.3,,,,99.4
30004,Instant Barley - 6 Oz Bag - G,AMS,1334,,50.6,,48.3,,46.8,,48.8
80116A,French Roast 500g APG Bag - G,WeighRight,1320,168.5,183.1,,,,,,175.7
40116,French Roast Tagless Tea Bag - 50 Ct - G,AMS,1313,125.4,,,,,79.6,,105.5
TGB337,ORG Blueberry Vanilla Tea Bag Goody Bag,Assembly,1300,,15.5,,,15.0,7.9,,13.1
53080,Dandelion Mocha 30g Trial Size Packet - A,WeighRight,1291,,,,142.1,,,,142.1
85050L,ORG Turkey Tail Astragalus 10 Oz Bag/Box of 24 - G,WeighRight,1288,4.8,,97.7,115.1,,,,63.0
83080L,ORG Dandelion Mocha 10 Oz Bag/Box of 24 - A,WeighRight,1276,,,99.3,,,116.9,,109.4
80080A,AMZN Org Mocha 11OZ Bag/Box of 24 - GA,WeighRight,1248,,,126.3,,,,86.0,108.7
40130L,Org Maca Chocolate 10 Ct Tea Bag Loose - G,Maisa 2+3,1240,,213.4,,198.6,,,,207.8
43340L,Org Dandelion Coconut 10 Ct Tea Bag Loose - A,Assembly,1234,,30.3,117.8,,,,29.7,47.7
10015,"ORG Schisandra, 1 lb Bag",WeighRight,1232,,180.0,,,,,,180.0
31014L,ORG Instant Miraculous Mushroom Matcha Latte 252g Bag,AMS,1229,78.8,,58.2,,,,,67.5
42011,ORG Pumpkin Spice 25CT Tea Bag - GA,Assembly,1224,,,,,42.8,35.7,,39.4
80063,ORG Hazelnut 11OZ Bag 3PK  - GA,WeighRight,1216,,114.4,78.2,154.2,,,,127.0
30009L,ORG Instant Vanilla Nut 100g Bag - G,AMS,1204,46.9,,,,76.6,,,55.0
10043,"ORG Star Anise, 6Oz Bag",WeighRight,1200,,93.4,,,,,,93.4
43321,Dandelion Red Chai 25 Count Tea Bag,Maisa 1,1200,66.5,,,,,,,66.5
45031,ORG Lion's Mane Rhodiola 25 Ct Tea Bag - G,Assembly,1200,111.5,6.7,55.7,201.0,,,,71.6
80089A,AMZN ORG Raspberry Mocha 11OZ Bag/Box of 24 - GA,WeighRight,1200,20.0,,,,,,,20.0
85030L,ORG Lion's Mane Rhodiola 10 Oz Bag/Box of 24 - G,WeighRight,1192,91.0,,,,,,,91.0
83310L,ORG Dandelion Mocha Mint 10 Oz Bag/Box of 24 - A,WeighRight,1175,183.2,,134.4,109.7,,,,132.5
80140L,ORG Original 10oz Bag/Box of 24 - G,WeighRight,1159,72.0,,,75.1,,,,73.9
80013,ORG Vanilla Nut 11oz Bag 3PK - GA,WeighRight,1152,122.1,,55.9,124.1,82.1,23.0,,84.4
30014L,Organic Instant Chicory 8 Oz Bag,AMS,1128,,,,45.2,,,52.5,48.3
42111,ORG French Vanilla 25CT Tea Bag - G,Assembly,1112,,115.2,,,,50.7,,74.4
50096,Top Six Packet Sampler pack,Assembly,1110,,,,85.3,,89.2,,86.5
45050L,ORG Turkey Tail Astragalus 10-Ct Tea Bag - G,Assembly,1096,,,28.6,,,,,28.6
31008L,ORG Instant French Roast Latte 224g Bag,AMS,1079,49.1,,115.6,,,,,74.1
10202,ORG Peppermint 1 Lb Bag,AMS,1062,20.1,,22.3,,,26.3,,22.8
45030L,ORG Lion's Mane Rhodiola 10-Ct Tea Bag - G,Maisa 2+3,1052,206.1,,202.3,,,,,203.6
10045,AMZN- WWB-ORG Rooibos - 1 Lb Bag,AMS,1050,,,48.3,,,,8.1,15.5
TGB204,ORG Snickerdoodle Tea Bag Goody Bag - GA,Assembly,1050,,27.5,,,15.7,,,26.5
42040,ORG Snickerdoodle 10ct/6pk Tea Bag - GA,Maisa 1,1020,147.2,89.1,130.6,,,,,108.1
83010L,ORG Dandelion Vanilla Nut 10 Oz Bag/Box of 24 - A,WeighRight,1013,,,88.3,,79.7,,,84.0
10017,ORG Lemon Balm (+8) 1LB Bag - 7-9523910017,AMS,1008,18.6,32.6,,,,,,31.3
40030L,ORG Almond Amaretto 10ct Tea Bag Individual Unit- GA,Assembly,1008,,23.4,125.9,,,,,55.9
40060A,AMZN Org Hazelnut 10 Ct Tea Bag Loose - GA,Maisa 1,1008,,102.6,,,,,,102.6
80130A,AMZN Org Maca Chocolate 11OZ Bag/Box of 24 - G,WeighRight,1008,115.2,,,99.9,,,,107.4
85020,ORG Chaga Ashwagandha 10 Oz Bag/6 Count Case,WeighRight,1006,,143.6,74.5,90.5,,87.6,,93.3
40097,Teecino Tea Bag 12 Flavor Sampler,Assembly,990,78.6,,112.1,89.2,50.3,,,88.2
31010L,ORG Instant Hazelnut Latte 224g Bag,AMS,967,31.9,,118.4,72.4,,,,52.9
86010,ORG Dark Chocolate 10 Oz Bag/6 Count Case,WeighRight,967,199.8,121.3,131.8,124.9,,105.9,92.4,115.5
TGB311,ORG Dandelion Dark Roast Tea Bag Goody Bag,Assembly,950,,43.1,10.3,17.5,22.0,,,18.7
48004,WWB ORG French Chicory 25ct Tea Bag,Maisa 1,931,,94.5,83.7,,,,,87.9
45010,ORG Reishi Eleuthero 10 Ct Tea Bag/6 Count Case - G,Maisa 2+3,920,,88.6,,93.5,,,,92.2
42080,ORG Irish Cream 10ct/6pk Tea Bag - G,Maisa 2+3,903,,116.6,,90.8,84.7,,,92.2
TGB010,ORG Vanilla Nut Tea Bag Goody Bag - GA,Assembly,900,43.1,,11.2,37.0,,,23.0,24.3
TGB322,Dandelion Caramel Nut Tea Bag Goody Bag - A,Assembly,900,,28.7,11.5,31.4,14.1,,,17.6
80073,ORG Java 11OZ Bag 3PK - GA,WeighRight,880,179.4,19.7,,161.1,,,,38.0
45011,ORG Reishi Eleuthero 25 Ct Tea Bag - G,Maisa 2+3,864,,82.4,,138.6,,,,103.4
80080L,Org Mocha 11OZ Bag/Box of 24 - GA,WeighRight,864,203.6,,,,,,126.5,141.3
83220A,AMZN Dandelion Caramel Nut 10 Oz Bag/Box of 24 - A,WeighRight,864,,215.1,,219.8,,,,217.4
31009L,ORG Instant Vanilla Nut Latte 224g Bag,AMS,840,,,54.4,,,,,54.4
80089L,ORG Raspberry Mocha 11OZ Bag/Box of 24 - GA,WeighRight,840,,,,128.2,,,,128.2
40086,Mocha Tagless Tea Bag - 50 Ct - GA,AMS,811,,190.5,117.5,,,,,131.7
43110A,AMZN Org Dandelion Dark Roast 10 Ct Tea Bag Loose,Maisa 2+3,792,,,,169.6,,,35.3,62.2
TGB060,ORG Hazelnut Tea Bag Goody Bag - GA,Assembly,775,,,13.3,49.3,,,12.2,16.2
40110L,Org French Roast 10 Ct Tea Bag Loose - G,AMS,768,,,,123.3,,,,123.3
10104,WWB - ORG Dark Roasted Carob Flour - 1 Lb Bag,AMS,764,,13.4,,,,,,13.4
50097,Teeccino 30g Packet 10 Flavor Sampler,Assembly,754,82.7,142.6,100.0,125.4,,,,113.3
83113,ORG Dandelion Dark Roast 10OZ Bag 3PK ,WeighRight,752,,126.8,,,,87.0,,96.7
TGB110,ORG French Roast Tea Bag Goody Bag - G,Assembly,750,,,,15.7,,,33.8,24.4
30007,Instant Miraculous Mushrooms A&P 100g Bag / 6 Count Case,AMS,746,156.1,72.2,45.5,,,103.0,,82.5
45050F,Turkey Tail Astragalus Dual Language 10 cnt TB - G,Maisa 2+3,730,75.1,,111.2,,,,,94.4
43110L,Org Dandelion Dark Roast 10 Ct Tea Bag Loose,Maisa 2+3,720,,183.2,,,,,,183.2
31011L,ORG Instant Mocha Latte 224g Bag,AMS,705,,72.0,,,,,,72.0
10016,Organic Turmeric Powder - 1 Lb Bag,AMS,703,89.4,40.1,,,,,,48.6
42081,ORG Irish Cream 25Ct Tea Bag Box - G,Maisa 1,701,,,,71.7,101.7,,,85.0
80020L,ORG Chocolate Mint 11OZ Bag/Box of 24 - GA,AMS,672,,,,133.0,,,,133.0
43371,ORG Blueberry Vanilla 25-Ct Tea Bag,Assembly,668,,,,56.6,203.4,,70.1,94.6
10028L,"Organic Cacao Nibs, 1 Lb Bag",AMS,660,,,,,21.3,,22.1,21.7
10046L,"Organic Dandelion Root Powder, Medium Roast, 1 Lb Bag",AMS,660,,,,,,21.6,19.8,20.6
80083,ORG Mocha 11OZ Bag 3PK  - GA,WeighRight,656,140.9,95.5,,,,212.6,103.9,115.4
45020L,ORG Chaga Ashwagandha 10-Ct Tea Bag,Maisa 2+3,648,,,79.5,,,,,79.5
45070L,Org Miraculous Mushroom A&P 10Ct Tea Bag Loose,Maisa 2+3,648,,160.1,,,,,,160.1
83370L,ORG Blueberry Vanilla 10 Oz Bag/Box of 24,WeighRight,648,115.9,,,,,,,115.9
60110,ORG French Roast 5 Lb Bag - G,WeighRight,614,223.3,261.6,275.5,,221.0,244.2,305.2,254.6
12251L,Holiday Tea Bag Sampler Box ,Assembly,612,,,,,,310.2,247.2,269.8
42040L,ORG Snickerdoodle 10ct Loose - GA,Maisa 1,612,,124.0,,,,,,124.0
80033,ORG Almond Amaretto 11OZ Bag 3PK - GA,WeighRight,608,204.4,,138.5,,96.4,,192.7,151.3
40051,Org English Toffee 25-Ct Tea Bag - GA,Maisa 1,600,,,105.7,,,,,105.7
80066A,Hazelnut 500g APG Bag - GA,WeighRight,600,,132.9,,,,,,132.9
43110F,Dandelion Dark Roast Dual Language 10ct/6pk Tea Bag,Assembly,580,,139.4,,37.4,,,,52.6
31007,ORG Instant Miraculous Mushrooms AP Latte 6Ct Case ,AMS,569,727.1,,76.9,,,82.9,,84.1
30013,Instant Miraculous Mushrooms C+5 135g Bag / 6 Count Case,AMS,553,154.6,148.2,,,,84.4,,95.0
TGB208,ORG Irish Cream Tea Bag Goody Bag - G,Assembly,550,,25.0,,,15.0,,,23.6
TGB331,ORG Dandelion Mocha Mint Tea Bag Goody Bag - A,Assembly,550,,,11.5,17.2,20.3,,,19.5
48002,WWB ORG Roasted Barley 25ct Tea Bag - G,Maisa 1,549,,72.6,,,,,,72.6
40010A,AMZN Org Vanilla Nut 10 Ct Tea Bag Loose - GA,Maisa 2+3,540,,111.4,123.7,,,,,119.3
43001,Dandelion Tea Sampler Box - 6 Count Case,Assembly,540,29.9,11.6,32.2,,,,,25.5
82080L,ORG Irish Cream 11 Oz Bag/Box of 24 - G,WeighRight,528,,223.9,,,,,,223.9
TGB334,ORG Dandelion Coconut Tea Bag Goody Bag - A,Assembly,525,,,,3.7,24.1,,,19.1
40121,DO NOT MAKE ORG Maya Chai 25CT Tea Bag - G,Maisa 1,520,69.3,103.0,,,,,,90.7
TGB501,Reishi Eleuthero Tea Goody Bag - G,Assembly,520,,15.3,,,17.2,,,17.1
40060L,Org Hazelnut 10 Ct Tea Bag Loose - GA,AMS,512,,,,99.4,,,,99.4
31014,ORG Instant Miraculous Mushroom Matcha Latte 6Ct Case,AMS,511,,,103.8,,,81.5,,84.4
46013,ORG Dark Chocolate 25CT Tea Bag 3PK,Maisa 2+3,496,,130.8,170.5,,,,,155.3
40132F,ORG Maca Chocolate DL 25CT Tea Bag AMZN (24pk) - G,Assembly,480,56.1,191.7,,,,,,86.8
GDB502,ORG Chaga Ashwaganda Packet Goody Bag,Assembly,480,2146.2,1373.6,,,2134.6,,438.4,863.0
43220F,Dandelion Caramel Nut Dual Language 10 cnt TB - A,Maisa 2+3,470,,126.4,97.9,,,93.1,,108.4
20081,ORG Mocha 300G Dual Language Bag - 6Ct Case - GA,WeighRight,468,84.0,,,,30.1,,82.1,56.8
45030F,Lion's Mane Rhodiola Dual Language 10 cnt TB - G,Maisa 2+3,460,,90.5,,,,,,90.5
80070,ORG Java 11OZ Bag/6 Count Case - GA,WeighRight,451,160.7,12.5,143.3,109.9,,,,37.7
40113,ORG French Roast 25CT Tea Bag 3PK - G,Maisa 1,444,48.5,,77.9,,,116.6,,76.0
50092,Teeccino Chocolate Flavor Sampler,Assembly,440,94.3,,,,,88.8,,91.9
GDB110,ORG French Roast Packet Goody Bag - G,Assembly,435,,,572.3,,1042.9,,,995.9
42080L,ORG Irish Cream 10ct Loose - G,Assembly,432,,,,25.9,,,,25.9
80016,Vanilla Nut 500g APG Bag - GA,WeighRight,432,,,,,,,114.1,114.1
82040L,ORG Snickerdoodle 11OZ Bag/Box of 24 - GA,WeighRight,432,,,,,,190.2,,190.2
10102,WWB - ORG Medium Roasted Carob 1 Lb x 2,AMS,384,,,28.6,,,,,28.6
43314,ORG Dandelion Mocha Mint 10CT Tea Bag 4PK - A,Maisa 1,384,100.3,149.7,,,,,,124.2
60060,ORG Hazelnut 5 Lb Bag - GA,WeighRight,380,163.5,,,208.1,,183.1,258.8,183.5
52040,ORG Snickerdoodle 30g Trial Size Packet - GA,WeighRight,379,,,,,197.3,,,197.3
43370F,Dandelion Blueberry Vanilla Dual Language 10 cnt TB,Maisa 1,363,,,98.2,,,,,98.2
43111F,ORG Dandelion Dark Roast DL 25CT Tea Bag AMZN (24pk),Maisa 2+3,360,,,173.6,,,,,173.6
43310F,Dandelion Mocha Mint Dual Language 10 cnt TB - A,Maisa 2+3,360,,127.8,,,85.2,,,95.8
43370L,Org Dandelion Blueberry Vanilla 10Ct Tea Bag Loose,Maisa 2+3,360,,,,,120.6,,,120.6
83116,Dandelion Dark Roast 500g APG Bag,WeighRight,360,,,,,,,98.9,98.9
83320L,ORG Dandelion Red Chai 10 Oz Bag/Box of 24,WeighRight,355,150.5,,,,,,,150.5
42021,ORG Caramel Nut 25CT Tea Bag - GA,Assembly,351,,,,,26.3,26.7,,26.5
10021A,AMZN - WWB - Date Sugar - 1 Lb,AMS,336,,88.7,,,,,,88.7
30008,Instant French Roast 100g Bag / 6 Count Case - G,AMS,336,94.6,795.8,89.3,,,,,92.0
40089,ORG Raspberry Mocha 25Ct,Maisa 1,335,,93.1,,,,,,93.1
60010,ORG Vanilla Nut 5 Lb Bag - GA,WeighRight,328,277.5,194.8,,4.3,,228.9,343.4,15.3
80133,ORG MACA Chocolate 11OZ Bag 3PK - G,Assembly,320,,189.4,,,80.4,,,112.9
10029L,"Organic Maca Powder, 1 Lb Bag",AMS,300,,,,,11.0,,,11.0
10203L,Organic Peppermint 50Ct NTB - MAISA 1 only,Maisa 2+3,300,,,,,,7.9,,7.9
20011,ORG Vanilla Nut 300G Dual Language Bag - 6Ct Case - GA,WeighRight,300,131.9,,,,537.5,,,241.0
20061,ORG Hazelnut 300G Dual Language Bag - 6Ct Case - GA,WeighRight,300,,121.8,,,76.3,,,98.4
20111,ORG French Roast 300G Dual Language Bag - 6Ct Case - G,WeighRight,300,,117.2,,,111.4,,,114.8
40091,Teeccino Intro Tea Bag Sampler,Assembly,300,,,296.0,,,,,296.0
TGB503,Lion's Mane Rhodiola Tea Goody Bag - G,Assembly,300,43.1,,14.4,31.4,,,,29.2
TGB505,Turkey Tail Astragalus Tea Goody Bag - G,Assembly,295,,27.6,19.2,35.9,,,,32.8
43311F,ORG Dandelion Mocha Mint DL 25CT Tea Bag AMZN (24pk) - A,Assembly,288,,,,34.3,185.4,,,88.3
43370,ORG Dandelion Blueberry Vanilla 10ct/6pk Tea Bag,Maisa 1,288,,111.1,,,21.7,,,109.5
45010L,ORG Reishi Eleuthero 10-Ct Tea Bag - G,Maisa 2+3,288,,,,152.2,,,,152.2
80020A,AMZN Org Chocolate Mint11OZ Bag/Box of 24 - GA,WeighRight,288,,,,131.9,,,,131.9
40030,ORG Almond Amaretto 10ct/6pk Tea Bag - GA,Assembly,277,,,,,45.4,,,45.4
30012,Instant Dandelion Blend 100g Bag / 6 Count Case,AMS,267,22.8,,62.4,,,,,36.7
60070,ORG Java 5 Lb Bag - GA,WeighRight,258,223.2,,,208.1,228.9,190.8,305.2,227.2
43224,ORG Dandelion Caramel Nut 10CT Tea Bag 4PK X0019VIU9N,Assembly,256,,19.4,172.4,,,,,43.5
80030,ORG Almond Amaretto 11OZ Bag/6 Count Case - GA,WeighRight,252,,,,148.5,,13.9,,24.4
85070,ORG Miraculous Mushrooms A&P 6Ct/10Oz APG Bag,WeighRight,251,,,,163.1,,73.3,,117.3
GDB080,ORG Mocha Packet Goody Bag,Assembly,250,,1373.6,,,1755.2,,,1717.0
TGB130,ORG Maca Chocolate Tea Bag Goody Bag,Assembly,250,,,,12.8,,,,12.8
31008,ORG Instant French Roast Latte 6Ct Case,AMS,247,618.0,,79.0,,,,,80.4
40063,ORG Hazelnut 25CT Tea Bag 3PK - GA,Assembly,240,,,,40.4,91.6,,,56.0
43223,ORG Dandelion Caramel Nut 25CT Tea Bag 3PK - A,Maisa 2+3,240,,,,105.7,,,,105.7
55092,Mushroom 6 Packet Sampler,Assembly,240,155.5,,,,,,,155.5
85023,ORG Chaga Ashwagandha 10OZ Bag 3PK ,WeighRight,240,,143.3,,,,,,143.3
89002,HZ/JV/MO 11 Oz Variety Pack,Assembly,240,,,,,,,265.4,265.4
10081A,AMZN - WWB - ORG Roasted Ramon Granules - 1 Lb,AMS,237,,,,,,,75.3,75.3
63110,ORG Dandelion Dark Roast 5 Lb Bag,WeighRight,235,,83.2,,286.2,148.4,,169.6,137.2
45010F,Reishi Eleuthero Dual Language 10 cnt TB - G,Maisa 2+3,230,,,,,92.4,,,92.4
60030,ORG Almond Amaretto 5 Lb Bag - GA,WeighRight,228,202.0,157.9,,274.7,,356.1,269.3,228.9
30011,Instant Mocha 100g Bag / 6 Count Case - G,AMS,226,227.0,99.5,83.8,,,,,101.0
83360L,ORG Holiday Egg Nog 10oz Bag/Box of 24,WeighRight,222,188.3,,,,,,,188.3
10025,ORG Lavender 1LB Bag - 79523910025,AMS,220,,22.0,,,,,,22.0
GDB060,ORG Hazelnut Packet Goody Bag - GA,Assembly,220,,1373.6,553.9,,189.4,,,245.3
43113,ORG Dandelion Dark Roast 25CT Tea Bag 3PK,Maisa 2+3,216,,154.5,,,,,,154.5
50091,Teeccino Nut Flavor Sampler,Assembly,200,,71.5,,,,,,71.5
GDB311,ORG Dandelion Dark Roast Packet Goody Bag,Assembly,200,,1373.6,,,,,600.1,635.9
43221F,ORG Dandelion Caramel Nut DL 25CT Tea Bag AMZN (24pk) - A,Assembly,192,,,,51.5,,,49.5,50.3
40033,ORG Almond Amaretto 25CT Tea Bag 3PK - GA,Assembly,180,,,34.0,86.9,,,,57.2
30010,Instant Hazelnut 100g Bag / 6 Count Case - G,AMS,175,129.9,,45.1,,82.2,,,70.5
40013,ORG Vanila Nut 25CT Tea Bag 3PK - GA,Maisa 2+3,168,,,84.1,226.8,,,,102.5
55010,Reishi Eleuthero 30g Trial Size Packet - G,WeighRight,165,,,,151.1,,,,151.1
85010,ORG Reishi Eleuthero 10 Oz Bag/6 Count Case - G,WeighRight,160,,,,145.9,106.3,,,114.1
60080,ORG Mocha 5 Lb Bag - GA,WeighRight,157,147.2,,,203.5,,109.9,281.8,165.9
80130,ORG MACA Chocolate 11OZ Bag/6 Count Case - G,WeighRight,151,,,,160.8,,,,160.8
55092A,AMZN Mushroom 6 Packet Sampler,Assembly,150,,,,152.4,,,,152.4
10009A,AMZN ORG Chia 2 X 1 Lb Bag,Assembly,144,,,69.5,,,,,69.5
85050,ORG Turkey Tail Astragalus 10 Oz Bag/6 Count Case - G,WeighRight,140,,,102.8,,,,,102.8
31005,ORG Instant Dandelion Blend Latte 6Ct Case ,AMS,136,213.1,,452.7,,,,,418.1
83223,ORG Dandelion Caramel Nut 10OZ Bag 3PK - A,Assembly,128,,78.9,,,,,,78.9
65020,ORG Chaga Ashwagandha 5 Lb Bag,WeighRight,124,88.9,,,,,190.8,68.7,91.6
40060F,Hazelnut Dual Language 10 cnt TB - GA,Maisa 1,121,,,,,,53.1,,53.1
10033,Powdered Fine Date Sugar - 1 Lb Bag,AMS,120,,,,77.2,,,,77.2
40061F,ORG Hazelnut DL 25CT Tea Bag AMZN (24pk) - GA,Assembly,120,,,,,,,41.9,41.9
66010,ORG Dark Chocolate 5 Lb Bag,WeighRight,116,,127.2,,323.2,,,76.3,139.8
50093,Wellness Packet Sampler Pack,Assembly,115,,168.3,,71.0,,,,81.3
31009,ORG Instant Vanilla Nut Latte 6Ct Case,AMS,110,217.0,54.0,,,,,,78.8
40141,ORG Original 25ct Tea Bag - G,Assembly,109,,,,,,34.1,,34.1
63220,ORG Dandelion Caramel Nut 5 Lb Bag - A,WeighRight,108,214.6,,,,179.2,,,197.3
30009,Instant Vanilla Nut 100g Bag / 6 Count Case - G,AMS,106,230.6,,51.1,,,,,77.2
31011,ORG Instant Mocha Latte 6Ct Case,AMS,100,,68.2,,,,,,68.2
GDB010,ORG Vanilla Nut Packet Goody Bag - GA,Assembly,100,,,572.3,,613.2,,,592.1
42121,ORG Chocolate Raspberry 25CT Tea Bag - G,Assembly,99,,,,,,29.3,,29.3
43114,ORG Dandelion Dark Roast 10CT Tea Bag 4PK (with DCO/DMM Goody Bag),Maisa 2+3,96,202.9,,,,,,,202.9
49011,25 Count Variety Pack (CM/CH/PDC),Assembly,96,,,166.1,,,,,166.1
83220,ORG Dandelion Caramel Nut 10 Oz Bag/6 Count Case - A,AMS,96,,,,121.4,,,,121.4
85013,DO NOT MAKE ORG Reishi Eleuthero 10OZ Bag 3PK  - G,Assembly,96,87.9,,,,,,,87.9
60120,DO NOT MAKE ORG Maya Chai 5 Lb Bag - G,WeighRight,95,146.5,,360.6,,,,,241.7
29002,ORG FR/HZ/VN 300g Variety Pack,Assembly,83,,,,154.5,,,741.7,285.0
80099,ORG Raspberry Mocha 11OZ Bag 3PK - GA,Assembly,80,,,,126.8,,,,126.8
40011F,ORG Vanilla Nut DL 25CT Tea Bag AMZN (24pk) - GA,Assembly,72,,,,47.9,,,,47.9
65050,ORG Turkey Tail Astragalus 5 Lb Bag - G,WeighRight,67,91.6,,,206.0,,,,118.0
40041,ORG Blood Orange 25CT Tea Bag - GA,Assembly,60,,,,,47.9,,,47.9
43313,DO NOT MAKE ORG Dandelion Mocha Mint 25CT Tea Bag 3PK - A,Maisa 1,60,82.4,,,,,,,82.4
60130,ORG MACA Chocolate 5 Lb Bag - G,WeighRight,60,,152.6,,188.5,,,171.7,171.7
CLBOXAPG,Teeccino Chocolate Lovers APG Box,Assembly,60,,86.9,,,,,,86.9
65010,ORG Reishi Eleuthero 5 Lb Bag - G,WeighRight,56,,254.4,128.2,,,,78.5,140.4
62060,ORG Maple Pecan 5 Lb Bag - GA,WeighRight,52,,,,,208.1,,135.7,156.6
GDB601,ORG Dark Chocolate Packet Goody Bag,Assembly,50,,,,,686.8,,,686.8
31010,ORG Instant Hazelnut Latte 6Ct Case,AMS,45,220.7,,110.4,,,,,132.4
GDB501,ORG Reishi Eleuthero Packet Goody Bag - G,Assembly,45,,1144.7,572.3,,,,,735.9
62040,Snickerdoodle 5 LB bag - GA,WeighRight,44,,,,,148.1,,,148.1
12251,Holiday Tea Bag Sampler Box - 6 Count Case,Assembly,40,,,,,,,28.1,28.1
63340,ORG Dandelion Coconut 5 Lb Bag - A,WeighRight,40,,,134.7,208.1,,,,163.5
83110,ORG Dandelion Dark Roast 10 Oz Bag/6 Count Case,WeighRight,40,,,,,,171.7,,171.7
60020,ORG Chocolate Mint 5 Lb Bag - GA,WeighRight,32,,,,215.5,,,,215.5
63080,ORG Dandelion Mocha 5 Lb Bag - A,WeighRight,32,,,,203.5,,,,203.5
62070,ORG Candy Cane 5 Lb Bag  - G,WeighRight,31,126.7,,,,,,,126.7
63310,ORG Dandelion Mocha Mint 5 Lb Bag - A,WeighRight,24,,,,,171.7,,,171.7
90001,Holiday Instant Gift Box,Assembly,20,,,,,,62.4,,62.4
45032,ORG Lion's Mane Rhodiola Tea Bag Demo Tray - G,Assembly,18,17.3,95.4,,,38.2,,,27.8
40012,ORG Vanilla Nut Tea Bag Demo Tray - GA,Assembly,12,,,,,,,31.9,31.9
63010,ORG Dandelion Vanilla Nut 5 Lb Bag - A,WeighRight,12,,,114.5,,,,,114.5
TB020,ORG Chocolate Mint Tea Bag - GA,Maisa 1,11,,,0.1,,,,,0.1
45022,Chaga Ashwaganda TB Demo Tray,Assembly,10,,190.8,,,38.2,,,63.6
45052,Turkey Tail Astragalus TB Demo Tray - G,Assembly,10,,343.4,,,38.2,,,68.7
42099,Teeccino Herbal Tea Holiday Display,Assembly,7,,,,,,9.8,14.9,13.9
43222,ORG Dandelion Caramel Nut Tea Bag Demo Tray - A,Assembly,6,,,,,,,46.8,46.8
43342,ORG Dandelion Coconut Tea Bag Demo Tray - A,Assembly,6,,,,,,,50.3,50.3
46012,ORG Dark Chocolate Tea Bag Demo Tray,Assembly,6,,,,,,,54.2,54.2
49999,Teeccino Herbal Tea Shipper,Assembly,3,,,15.3,,17.2,,,15.8
