item,description,primary_machine,runs,scorable_runs,units_made,scorable_units,machine_hrs,direct_labor_hrs,direct_labor_usd,expected_hrs,actual_hrs_scorable,efficiency_pct,standard_looks_suspect,overrun_hrs,overrun_usd,actual_units_per_operator_hr,standard_units_per_operator_hr,actual_units_per_machine_hr
45001,Mushroom Adaptogen TB Sampler Box - 6 Count Case - G,Assembly,18,17,1454,1454,113.3,336.6,8772.84,49.9,327.1,15.3,yes,277.2,7222.78,4.45,29.12,12.84
40001,Herbal Tea Sampler Box - 6 Count Case,Assembly,24,24,1466,1466,147.7,250.6,6531.68,50.3,250.6,20.1,yes,200.3,5219.75,5.85,29.12,9.93
43110,ORG Dandelion Dark Roast 10ct/6pk Tea Bag,Maisa 2+3,12,12,5485,5485,68.8,343.9,8962.03,226.0,343.9,65.7,,117.9,3071.51,15.95,24.27,79.75
10031,Roasted Chicory Root - 1 Lb Bag,WeighRight,21,21,34911,34911,68.5,216.5,5642.25,119.7,216.5,55.3,,96.8,2521.7,161.24,291.55,509.43
10006A,WWB AMZN Organic Lemon Balm (6 Oz) ,AMS,11,10,10276,8806,54.8,205.3,5350.38,90.7,175.1,51.8,,84.4,2199.68,50.29,97.09,187.66
10101,WWB - ORG Medium Roasted Carob Flour - 1 Lb Bag,AMS,6,6,4176,4176,38.4,126.0,3284.6,43.0,126.0,34.1,yes,83.0,2163.69,33.13,97.09,108.64
10402A,AMZN- WWB-ORG Rama Tulsi - 8 OZ Bag,AMS,10,10,4296,4296,37.8,117.4,3058.66,44.2,117.4,37.7,yes,73.1,1905.54,36.6,97.09,113.56
30003,Instant Chicory - 8 Oz Bag,AMS,6,6,3967,3967,43.7,103.9,2708.68,40.9,103.9,39.3,yes,63.1,1643.86,38.17,97.09,90.72
60010,ORG Vanilla Nut 5 Lb Bag - GA,WeighRight,8,8,328,328,24.6,73.6,1917.76,11.3,73.6,15.3,yes,62.3,1624.23,4.46,29.12,13.34
10005A,WWB AMZN Organic Chia (1lb),AMS,8,8,6292,6292,33.6,126.0,3283.3,64.8,126.0,51.4,,61.2,1594.41,49.94,97.09,187.26
10045,AMZN- WWB-ORG Rooibos - 1 Lb Bag,AMS,2,2,1050,1050,17.5,69.8,1820.03,10.8,69.8,15.5,,59.0,1538.19,15.03,97.09,60.14
43001,Dandelion Tea Sampler Box - 6 Count Case,Assembly,9,9,540,540,46.8,72.8,1897.69,18.5,72.8,25.5,yes,54.3,1414.44,7.42,29.12,11.54
10051,ORG Roasted Chicory Root - 1 Lb Bag,WeighRight,10,10,10580,10580,27.2,89.0,2319.6,36.3,89.0,40.8,,52.7,1373.9,118.86,291.55,389.4
10039A,AMZN Roasted French Chicory 2 X 1 Lb Bag,WeighRight,13,13,5664,5664,26.0,90.9,2370.16,38.9,90.9,42.8,,52.0,1356.12,62.28,145.56,217.6
10012,"ORG Lemon Grass, 7 Oz Bag",AMS,6,6,5520,5520,32.8,108.1,2816.3,56.9,108.1,52.6,,51.2,1334.64,51.08,97.09,168.09
10201,WWB - ORG Peppermint Leaf - 4 Oz Bag,AMS,9,9,6045,6045,41.2,113.5,2957.03,62.3,113.5,54.9,,51.2,1334.44,53.27,97.09,146.65
10104,WWB - ORG Dark Roasted Carob Flour - 1 Lb Bag,AMS,2,2,764,764,19.5,58.5,1525.29,7.9,58.5,13.4,,50.7,1320.22,13.05,97.09,39.16
10302A,WWB Organic Cinnamon Powder 1lb - AMZN Label,AMS,7,7,1901,1901,27.2,69.8,1819.25,19.6,69.8,28.0,yes,50.2,1308.99,27.23,97.09,69.99
10013,"ORG Hibisicus, 8 Oz Bag",AMS,18,18,14780,14780,54.4,200.3,5219.04,152.2,200.3,76.0,,48.0,1251.82,73.8,97.09,271.44
10044,AMZN- WWB-ORG Hibiscus - 1 Lb Bag,AMS,9,9,3233,3233,21.5,78.1,2035.03,33.3,78.1,42.6,,44.8,1167.23,41.4,97.09,150.51
TB503,ORG Lion's Mane Rhodiola Loose Tea Bag - G,Maisa 2+3,5,5,39550,39550,18.0,71.9,1874.24,27.3,71.9,37.9,yes,44.6,1163.07,549.92,1449.28,2199.67
30013L,ORG Miraculous Mushrooms Cacao 135g Bag,AMS,7,7,3208,3208,22.4,76.4,1990.98,33.0,76.4,43.2,,43.4,1129.9,41.99,97.09,143.09
10401A,AMZN-WWB-ORG Krishna Tulsi- 8OZ Bag,AMS,5,5,2520,2520,25.7,67.8,1768.17,26.0,67.8,38.3,yes,41.9,1091.76,37.14,97.09,97.98
10061A,AMZN - WWB - ORG Date Sugar - 1 Lb,AMS,5,5,2671,2671,19.9,68.1,1775.47,27.5,68.1,40.4,,40.6,1058.52,39.2,97.09,133.95
80110,ORG French Roast 11OZ Bag/6 Count Case - G,WeighRight,13,12,2987,2987,57.5,172.4,4493.0,123.1,163.1,75.5,,40.0,1041.25,18.32,24.27,51.97
30005L,ORG GF Dandelion Blend 312g Bag,AMS,4,4,1587,1587,15.2,55.0,1434.6,16.3,55.0,29.7,yes,38.7,1008.62,28.83,97.09,104.41
10202,ORG Peppermint 1 Lb Bag,AMS,6,6,1062,1062,18.5,48.0,1249.84,10.9,48.0,22.8,yes,37.0,964.78,22.14,97.09,57.44
80089A,AMZN ORG Raspberry Mocha 11OZ Bag/Box of 24 - GA,WeighRight,2,2,1200,1200,13.7,41.2,1073.41,8.2,41.2,20.0,,32.9,858.57,29.13,145.56,87.4
42011,ORG Pumpkin Spice 25CT Tea Bag - GA,Assembly,8,8,1224,1224,53.4,53.4,1390.56,21.0,53.4,39.4,yes,32.3,842.88,22.94,58.24,22.94
80030,ORG Almond Amaretto 11OZ Bag/6 Count Case - GA,WeighRight,4,4,252,252,15.3,42.5,1108.59,10.4,42.5,24.4,yes,32.2,837.96,5.92,24.27,16.49
80070,ORG Java 11OZ Bag/6 Count Case - GA,WeighRight,5,5,451,451,16.4,49.3,1285.28,18.6,49.3,37.7,yes,30.7,800.94,9.14,24.27,27.43
10001A,Sage 2 Oz Bags AMZN,AMS,6,6,1870,1870,24.4,49.0,1276.42,19.3,49.0,39.3,yes,29.7,774.48,38.18,97.09,76.58
80073,ORG Java 11OZ Bag 3PK - GA,WeighRight,4,4,880,880,15.9,47.7,1243.06,18.1,47.7,38.0,yes,29.6,770.65,18.45,48.54,55.35
30012,Instant Dandelion Blend 100g Bag / 6 Count Case,AMS,3,3,267,267,19.7,46.3,1205.54,17.0,46.3,36.7,yes,29.3,762.59,5.77,15.71,13.55
10017,ORG Lemon Balm (+8) 1LB Bag - 7-9523910017,AMS,2,2,1008,1008,9.1,33.2,865.71,10.4,33.2,31.3,,22.8,595.15,30.34,97.09,111.01
45020,ORG Chaga Ashwagandha 10 Ct Tea Bag/6 Count Case,Maisa 2+3,15,15,6891,6891,71.7,305.9,7971.49,284.0,305.9,92.8,,21.9,571.02,22.53,24.27,96.12
43110F,Dandelion Dark Roast Dual Language 10ct/6pk Tea Bag,Assembly,4,4,580,580,31.0,45.4,1183.38,23.9,45.4,52.6,,21.5,560.5,12.77,24.27,18.73
TB110,ORG French Roast Tea Bag Loose - G,Maisa 2+3,8,8,88800,88800,24.9,81.9,2135.36,61.3,81.9,74.8,,20.7,538.61,1083.72,1449.28,3573.44
45050L,ORG Turkey Tail Astragalus 10-Ct Tea Bag - G,Assembly,3,3,1096,1096,21.3,26.4,686.68,7.5,26.4,28.6,yes,18.8,490.46,41.59,145.56,51.53
TB311,ORG Dandelion Dark Roast Tea Bag,Maisa 2+3,7,7,64500,64500,20.3,63.2,1645.95,44.5,63.2,70.5,,18.7,486.15,1021.22,1449.28,3171.09
10022,ORG Raw Dandelion1 Lb Bag,AMS,3,3,3284,3284,13.2,51.4,1338.18,33.8,51.4,65.9,,17.5,456.7,63.95,97.09,249.54
46011,ORG Dark Chocolate 25 Ct Tea Bag,Maisa 2+3,15,12,10791,10542,40.5,198.3,5169.0,181.0,198.3,91.3,,17.3,451.98,53.15,58.24,266.12
42021,ORG Caramel Nut 25CT Tea Bag - GA,Assembly,5,4,351,351,27.3,27.3,710.92,6.0,22.7,26.5,yes,16.7,434.51,15.46,58.24,12.87
10059A,AMZN ORG French Chicory 2 X 1 Lb Bag,WeighRight,4,4,2184,2184,9.7,31.5,822.19,15.0,31.5,47.6,,16.5,431.19,69.22,145.56,225.39
10035,Chicory 5 Lb Bag,WeighRight,8,8,1584,1584,9.0,31.5,821.67,16.3,31.5,51.7,,15.2,396.5,50.24,97.09,175.61
10024,ORG Lavender 4 Oz Bag - 79523910024,AMS,3,3,3096,3096,15.7,47.0,1223.52,31.9,47.0,67.9,,15.1,392.49,65.94,97.09,197.83
40111,ORG French Roast 25CT Tea Bag - G,Maisa 1,8,8,4800,4800,29.1,97.1,2531.47,82.4,97.1,84.8,,14.7,383.71,49.41,58.24,164.84
20081,ORG Mocha 300G Dual Language Bag - 6Ct Case - GA,WeighRight,7,7,468,468,19.6,34.0,885.0,19.3,34.0,56.8,,14.7,382.4,13.78,24.27,23.85
30004,Instant Barley - 6 Oz Bag - G,AMS,4,4,1334,1334,8.1,28.2,734.11,13.7,28.2,48.8,,14.4,376.04,47.36,97.09,165.51
10026,ORG Orange Peel 8 Oz Bag,AMS,4,4,1497,1497,5.4,19.3,502.44,5.1,19.3,26.6,yes,14.1,368.63,77.65,291.55,276.71
40030,ORG Almond Amaretto 10ct/6pk Tea Bag - GA,Assembly,4,4,277,277,25.1,25.1,654.63,11.4,25.1,45.4,,13.7,357.15,11.03,24.27,11.03
TB332,ORG Dandelion Red Chai Tea Bag,Maisa 1,3,3,32153,32153,13.6,35.7,931.38,22.2,35.7,62.1,,13.6,353.23,899.64,1449.28,2367.67
30008L,ORG Instant French Roast 100g Bag - G,AMS,7,7,3845,3845,17.6,52.9,1379.1,39.6,52.9,74.8,,13.3,347.03,72.66,97.09,218.71
10071,AMZN - WWB - ORG Roasted Barley - 1 Lb - G,AMS,6,6,4248,4248,18.1,56.7,1477.6,43.8,56.7,77.2,,12.9,337.36,74.92,97.09,234.57
30014L,Organic Instant Chicory 8 Oz Bag,AMS,3,2,1500,1128,8.4,33.6,876.66,11.6,24.0,48.3,,12.4,323.71,46.92,97.09,178.36
10203L,Organic Peppermint 50Ct NTB - MAISA 1 only,Maisa 2+3,2,2,300,300,4.3,13.0,338.52,1.0,13.0,7.9,,12.0,311.7,23.09,291.55,69.28
43311,Dandelion Mocha Mint 25 Count Tea Bag - A,Maisa 1,7,6,3123,3123,26.1,68.7,1789.28,53.6,65.1,82.4,,11.5,298.86,47.98,58.24,119.75
30011L,ORG Instant Mocha 100g Bag - G,AMS,4,4,2433,2433,9.0,36.4,949.63,25.1,36.4,68.8,,11.4,296.57,66.77,97.09,271.54
43011,ORG Dandelion Vanilla Nut 25CT Tea Bag - A,Maisa 1,4,4,1643,1643,13.1,39.2,1020.25,28.2,39.2,72.1,,10.9,285.09,41.97,58.24,125.9
43321,Dandelion Red Chai 25 Count Tea Bag,Maisa 1,1,1,1200,1200,10.3,31.0,807.6,20.6,31.0,66.5,,10.4,270.66,38.72,58.24,116.17
30009L,ORG Instant Vanilla Nut 100g Bag - G,AMS,4,2,1204,1204,12.8,39.8,1036.93,12.4,22.5,55.0,,10.1,264.22,53.42,97.09,94.43
40130,ORG Maca Chocolate 10ct/6pk Tea Bag - G,Maisa 2+3,8,8,2432,2432,33.3,110.3,2875.46,100.2,110.3,90.8,,10.1,263.66,22.04,24.27,73.05
30007,Instant Miraculous Mushrooms A&P 100g Bag / 6 Count Case,AMS,10,9,751,746,16.5,57.6,1500.27,47.5,57.6,82.5,,10.1,262.68,12.96,15.71,45.43
10102,WWB - ORG Medium Roasted Carob 1 Lb x 2,AMS,2,2,384,384,3.5,13.8,360.67,4.0,13.8,28.6,,9.9,257.6,27.75,97.09,110.98
40063,ORG Hazelnut 25CT Tea Bag 3PK - GA,Assembly,3,3,240,240,17.6,22.1,574.88,12.4,22.1,56.0,,9.7,252.72,10.88,19.41,13.67
43221,ORG Dandelion Caramel Nut 25CT Tea Bag - A,Maisa 2+3,7,7,5560,5560,21.0,105.0,2736.3,95.5,105.0,90.9,,9.5,248.48,52.95,58.24,264.76
43340L,Org Dandelion Coconut 10 Ct Tea Bag Loose - A,Assembly,5,4,1320,1234,18.6,20.9,545.7,8.5,17.8,47.7,,9.3,242.16,69.44,145.56,71.12
43224,ORG Dandelion Caramel Nut 10CT Tea Bag 4PK X0019VIU9N,Assembly,3,3,256,256,14.1,16.2,421.13,7.0,16.2,43.5,,9.1,237.87,15.84,36.4,18.13
31010L,ORG Instant Hazelnut Latte 224g Bag,AMS,4,4,967,967,5.6,18.8,490.45,10.0,18.8,52.9,,8.9,230.89,51.38,97.09,172.37
45021,ORG Chaga Ashwagandha 25 Ct Tea Bag,Maisa 2+3,6,6,3906,3906,18.7,75.8,1976.39,67.1,75.8,88.4,,8.8,228.65,51.5,58.24,208.88
10046L,"Organic Dandelion Root Powder, Medium Roast, 1 Lb Bag",AMS,2,2,660,660,2.8,11.0,286.66,2.3,11.0,20.6,,8.7,227.67,60.0,291.55,240.0
31007L,ORG Instant Miraculous Mushrooms AP Latte 224g Bag,AMS,3,3,1713,1713,7.8,26.4,686.94,17.6,26.4,66.9,,8.7,227.14,64.98,97.09,220.18
48003,WWB ORG Lemon Balm 25ct Tea Bag 2.25g,Maisa 1,5,5,2808,2808,17.9,56.8,1480.73,48.2,56.8,84.9,,8.6,224.29,49.42,58.24,157.05
TGB502,Chaga Ashwaganda Tea Goody Bag,Assembly,13,11,2645,2395,10.2,10.2,264.51,1.7,10.2,16.3,yes,8.5,221.44,235.96,1449.28,260.59
30007L,ORG Instant Miraculous Mushrooms AP 100g Bag,AMS,6,6,2854,2854,12.0,37.9,987.41,29.4,37.9,77.6,,8.5,221.35,75.32,97.09,237.04
42080L,ORG Irish Cream 10ct Loose - G,Assembly,2,2,432,432,11.4,11.4,298.39,3.0,11.4,25.9,,8.5,221.05,37.73,145.56,37.73
40110,ORG French Roast 10 Count Tea Bag - G,Maisa 2+3,4,4,1472,1472,23.0,69.0,1798.92,60.7,69.0,87.9,,8.4,218.09,21.32,24.27,63.97
10023,WWB - ORG Elderberries - 1 Lb Bag,WeighRight,3,3,1568,1568,4.6,13.7,356.5,5.4,13.7,39.3,yes,8.3,216.34,114.62,291.55,343.86
10029L,"Organic Maca Powder, 1 Lb Bag",AMS,1,1,300,300,2.3,9.3,242.88,1.0,9.3,11.0,,8.3,216.06,32.19,291.55,128.76
31005L,ORG GF Instant Dandelion Latte 224g Bag,AMS,2,2,1487,1487,6.5,23.5,612.67,15.3,23.5,65.1,,8.2,213.53,63.25,97.09,229.12
45031,ORG Lion's Mane Rhodiola 25 Ct Tea Bag - G,Assembly,9,5,1920,1200,41.2,50.9,1327.5,20.6,28.8,71.6,,8.2,213.07,41.7,58.24,46.62
10028L,"Organic Cacao Nibs, 1 Lb Bag",AMS,2,2,660,660,2.6,10.4,272.07,2.3,10.4,21.7,,8.2,213.07,63.22,291.55,252.87
10025,ORG Lavender 1LB Bag - 79523910025,AMS,2,2,220,220,3.4,10.3,268.94,2.3,10.3,22.0,,8.1,209.89,21.32,97.09,63.95
45071,ORG Miraculous Mushroom A&P 25 Ct Tea Bag,Maisa 2+3,4,4,1819,1819,10.0,39.1,1019.47,31.2,39.1,79.8,,7.9,205.56,46.5,58.24,181.18
10016,Organic Turmeric Powder - 1 Lb Bag,AMS,2,2,703,703,6.7,14.9,388.29,7.2,14.9,48.6,,7.7,199.6,47.18,97.09,105.24
31009L,ORG Instant Vanilla Nut Latte 224g Bag,AMS,1,1,840,840,5.3,15.9,414.35,8.7,15.9,54.4,,7.2,188.88,52.83,97.09,158.49
40113,ORG French Roast 25CT Tea Bag 3PK - G,Maisa 1,5,5,444,444,15.3,30.1,784.41,22.9,30.1,76.0,,7.2,188.4,14.75,19.41,29.06
40010,ORG Vanilla Nut 10ct/6pk Tea Bag - GA,Maisa 2+3,10,10,5621,5621,63.2,238.7,6220.26,231.6,238.7,97.0,,7.0,183.69,23.55,24.27,88.93
TB020,ORG Chocolate Mint Tea Bag - GA,Maisa 1,1,1,11,11,2.3,7.0,181.38,0.0,7.0,0.1,,7.0,181.18,1.58,1449.28,4.74
40033,ORG Almond Amaretto 25CT Tea Bag 3PK - GA,Assembly,3,3,180,180,11.5,16.2,422.43,9.3,16.2,57.2,,6.9,180.81,11.1,19.41,15.69
43310,ORG Dandelion Mocha Mint 10CT Tea Bag - A,Maisa 1,7,7,2631,2631,31.2,115.3,3004.46,108.4,115.3,94.0,,6.9,178.94,22.82,24.27,84.35
40011,ORG Vanila Nut 25CT Tea Bag - GA,Maisa 2+3,4,4,1596,1596,8.1,34.2,890.73,27.4,34.2,80.2,,6.8,176.6,46.69,58.24,196.07
40011A,ORG 25 CT Vanilla Nut AMZN - GA,Maisa 2+3,3,3,2088,2088,8.5,42.6,1108.85,35.9,42.6,84.3,,6.7,174.58,49.07,58.24,245.36
31007,ORG Instant Miraculous Mushrooms AP Latte 6Ct Case ,AMS,8,7,574,569,10.6,41.9,1091.13,35.2,41.8,84.1,,6.6,173.19,13.61,16.18,53.95
42111,ORG French Vanilla 25CT Tea Bag - G,Assembly,6,6,1112,1112,19.4,25.7,668.96,19.1,25.7,74.4,,6.6,171.4,43.32,58.24,57.35
47010,75147 TJ ORG Roasted Herbal Cofee (12 Pack) - G,Maisa 2+3,31,30,11253,10665,228.4,885.2,23069.09,879.0,885.2,99.3,,6.2,162.11,12.05,12.13,49.28
31014L,ORG Instant Miraculous Mushroom Matcha Latte 252g Bag,AMS,3,3,1229,1229,6.8,18.7,488.36,12.7,18.7,67.5,,6.1,158.48,65.58,97.09,180.21
TGB337,ORG Blueberry Vanilla Tea Bag Goody Bag,Assembly,4,3,1325,1300,6.9,6.9,179.03,0.9,6.9,13.1,yes,6.0,155.66,189.23,1449.28,192.87
50096,Top Six Packet Sampler pack,Assembly,10,8,1260,1110,39.9,44.1,1148.99,38.1,44.1,86.5,,6.0,155.65,25.18,29.12,31.6
40021,ORG Chocolate Mint 25CT Tea Bag - GA,Maisa 1,4,4,1776,1776,21.5,36.4,948.84,30.5,36.4,83.8,,5.9,154.17,48.78,58.24,82.64
31014,ORG Instant Miraculous Mushroom Matcha Latte 6Ct Case,AMS,3,3,511,511,9.3,37.4,974.64,31.6,37.4,84.4,,5.8,151.67,13.66,16.18,54.65
TGB507,ORG Miraculous Mushroom AP Tea Bag Goody Bag,Assembly,5,5,1585,1585,6.7,6.7,174.08,1.1,6.7,16.4,yes,5.6,145.58,237.28,1449.28,237.28
40071,ORG Java 25CT Tea Bag - GA,Maisa 2+3,10,10,2798,2798,20.2,53.5,1394.73,48.0,53.5,89.8,,5.5,142.77,52.28,58.24,138.79
40030L,ORG Almond Amaretto 10ct Tea Bag Individual Unit- GA,Assembly,2,2,1008,1008,9.8,12.4,322.62,6.9,12.4,55.9,,5.5,142.16,81.42,145.56,103.28
85050L,ORG Turkey Tail Astragalus 10 Oz Bag/Box of 24 - G,WeighRight,4,4,1288,1288,5.1,14.1,366.14,8.8,14.1,63.0,,5.2,135.55,91.67,145.56,252.55
45030,ORG Lion's Mane Rhodiola 10 Ct Tea Bag/6 Count Case - G,Maisa 2+3,9,7,2482,1937,22.5,84.5,2202.33,79.8,84.5,94.5,,4.7,122.12,22.92,24.27,110.26
30010,Instant Hazelnut 100g Bag / 6 Count Case - G,AMS,3,3,175,175,4.3,15.8,412.01,11.1,15.8,70.5,,4.7,121.69,11.07,15.71,40.51
40097,Teecino Tea Bag 12 Flavor Sampler,Assembly,8,8,990,990,31.0,38.6,1004.87,34.0,38.6,88.2,,4.6,118.92,25.67,29.12,31.9
40060F,Hazelnut Dual Language 10 cnt TB - GA,Maisa 1,1,1,121,121,3.1,9.4,244.7,5.0,9.4,53.1,,4.4,114.76,12.89,24.27,38.66
80013,ORG Vanilla Nut 11oz Bag 3PK - GA,WeighRight,6,6,1152,1152,12.5,28.1,732.81,23.7,28.1,84.4,,4.4,114.37,40.97,48.54,92.01
42061,ORG Maple Pecan 25CT Tea Bag - GA,Maisa 1,3,3,1422,1422,9.6,28.8,749.75,24.4,28.8,84.9,,4.4,113.47,49.43,58.24,148.28
80030L,ORG Almond Amaretto 11OZ Bag/Box of 24 - GA,WeighRight,5,5,3392,3392,10.7,27.4,715.09,23.3,27.4,84.9,,4.1,107.81,123.62,145.56,317.6
42121,ORG Chocolate Raspberry 25CT Tea Bag - G,Assembly,2,2,99,99,5.8,5.8,151.15,1.7,5.8,29.3,,4.1,106.85,17.07,58.24,17.07
31008L,ORG Instant French Roast Latte 224g Bag,AMS,2,2,1079,1079,4.5,15.0,390.9,11.1,15.0,74.1,,3.9,101.28,71.93,97.09,238.19
45051,ORG Turkey Tail Astragalus 25 Ct Tea Bag - G,Maisa 1,4,4,1740,1740,11.0,33.7,877.7,29.9,33.7,88.7,,3.8,99.14,51.66,58.24,158.18
31008,ORG Instant French Roast Latte 6Ct Case,AMS,4,4,247,247,5.0,19.0,494.62,15.3,19.0,80.4,,3.7,96.82,13.01,16.18,49.7
TB505,ORG Turkey Tail Astragalus Loose Tea Bag - G,Maisa 1,3,3,42000,42000,13.3,32.7,851.38,29.0,32.7,88.7,,3.7,96.16,1285.58,1449.28,3162.65
40141,ORG Original 25ct Tea Bag - G,Assembly,2,2,109,109,5.5,5.5,143.07,1.9,5.5,34.1,,3.6,94.3,19.85,58.24,19.85
48002,WWB ORG Roasted Barley 25ct Tea Bag - G,Maisa 1,1,1,549,549,4.3,13.0,338.52,9.4,13.0,72.6,,3.6,92.87,42.26,58.24,126.79
12251,Holiday Tea Bag Sampler Box - 6 Count Case,Assembly,1,1,40,40,2.4,4.9,127.17,1.4,4.9,28.1,,3.5,91.38,8.2,29.12,16.39
TGB601,ORG Dark Chocolate Tea Bag Goody Bag,Assembly,8,6,1775,1375,4.3,4.3,111.28,0.9,4.3,22.2,yes,3.3,86.55,322.01,1449.28,415.69
43110A,AMZN Org Dandelion Dark Roast 10 Ct Tea Bag Loose,Maisa 2+3,2,2,792,792,1.8,8.8,228.02,5.4,8.8,62.2,,3.3,86.23,90.51,145.56,452.57
43221F,ORG Dandelion Caramel Nut DL 25CT Tea Bag AMZN (24pk) - A,Assembly,3,2,192,192,5.4,6.6,170.95,3.3,6.6,50.3,,3.3,85.04,29.27,58.24,35.82
45010,ORG Reishi Eleuthero 10 Ct Tea Bag/6 Count Case - G,Maisa 2+3,3,3,920,920,8.2,41.1,1071.07,37.9,41.1,92.2,,3.2,83.05,22.38,24.27,111.92
42080,ORG Irish Cream 10ct/6pk Tea Bag - G,Maisa 2+3,3,3,903,903,13.4,40.3,1051.52,37.2,40.3,92.2,,3.1,81.76,22.38,24.27,67.14
80010L,Org Vanilla Nut 11OZ Bag/Box of 24 - GA,WeighRight,3,3,1682,1682,4.9,14.6,380.74,11.6,14.6,79.1,,3.1,79.6,115.13,145.56,345.38
85020,ORG Chaga Ashwagandha 10 Oz Bag/6 Count Case,WeighRight,6,6,1006,1006,14.8,44.4,1157.85,41.5,44.4,93.3,,3.0,77.47,22.64,24.27,67.93
TGB322,Dandelion Caramel Nut Tea Bag Goody Bag - A,Assembly,9,7,1125,900,3.5,3.5,91.99,0.6,3.5,17.6,yes,2.9,75.81,254.96,1449.28,318.7
31011,ORG Instant Mocha Latte 6Ct Case,AMS,2,2,100,100,3.0,9.1,236.1,6.2,9.1,68.2,,2.9,75.05,11.04,16.18,33.11
40061F,ORG Hazelnut DL 25CT Tea Bag AMZN (24pk) - GA,Assembly,3,2,155,120,4.9,4.9,128.22,2.1,4.9,41.9,,2.9,74.52,24.39,58.24,31.5
TGB311,ORG Dandelion Dark Roast Tea Bag Goody Bag,Assembly,9,7,1275,950,3.5,3.5,91.21,0.7,3.5,18.7,yes,2.8,74.13,271.43,1449.28,364.29
31011L,ORG Instant Mocha Latte 224g Bag,AMS,1,1,705,705,3.4,10.1,262.68,7.3,10.1,72.0,,2.8,73.45,69.94,97.09,209.82
80140L,ORG Original 10oz Bag/Box of 24 - G,WeighRight,3,3,1159,1159,3.6,10.8,280.67,8.0,10.8,73.9,,2.8,73.17,107.61,145.56,322.84
TGB060,ORG Hazelnut Tea Bag Goody Bag - GA,Assembly,5,4,1025,775,3.3,3.3,86.0,0.5,3.3,16.2,yes,2.8,72.06,234.85,1449.28,310.61
50091,Teeccino Nut Flavor Sampler,Assembly,2,2,200,200,9.6,9.6,250.18,6.9,9.6,71.5,,2.7,71.2,20.83,29.12,20.83
30010L,ORG Instant Hazelnut 100g Bag - G,AMS,3,2,1344,1344,6.2,16.5,431.03,13.8,16.5,83.7,,2.7,70.28,81.26,97.09,216.08
48004,WWB ORG French Chicory 25ct Tea Bag,Maisa 1,4,4,931,931,6.1,18.2,473.77,16.0,18.2,87.9,,2.2,57.19,51.21,58.24,153.63
42081,ORG Irish Cream 25Ct Tea Bag Box - G,Maisa 1,3,3,701,701,4.7,14.2,369.01,12.0,14.2,85.0,,2.1,55.35,49.51,58.24,148.52
TGB204,ORG Snickerdoodle Tea Bag Goody Bag - GA,Assembly,2,2,1050,1050,2.7,2.7,71.14,0.7,2.7,26.5,,2.0,52.26,384.62,1449.28,384.62
45030F,Lion's Mane Rhodiola Dual Language 10 cnt TB - G,Maisa 2+3,3,1,1090,460,4.2,21.0,545.96,19.0,21.0,90.5,,2.0,51.95,21.96,24.27,260.14
30009,Instant Vanilla Nut 100g Bag / 6 Count Case - G,AMS,2,2,106,106,3.8,8.7,227.76,6.7,8.7,77.2,,2.0,51.91,12.13,15.71,28.19
TGB010,ORG Vanilla Nut Tea Bag Goody Bag - GA,Assembly,8,6,1600,900,2.6,2.6,66.71,0.6,2.6,24.3,yes,1.9,50.53,351.56,1449.28,625.0
TB501,ORG Reishi Eleuthero Loose Tea Bag - G,Maisa 2+3,3,3,29880,29880,6.6,22.5,587.13,20.6,22.5,91.5,,1.9,49.85,1326.23,1449.28,4547.95
30008,Instant French Roast 100g Bag / 6 Count Case - G,AMS,6,6,336,336,8.1,23.2,605.63,21.4,23.2,92.0,,1.9,48.22,14.46,15.71,41.53
30013,Instant Miraculous Mushrooms C+5 135g Bag / 6 Count Case,AMS,6,5,553,553,10.3,37.0,965.52,35.2,37.0,95.0,,1.8,48.11,14.93,15.71,53.59
31009,ORG Instant Vanilla Nut Latte 6Ct Case,AMS,3,3,110,110,3.8,8.6,224.9,6.8,8.6,78.8,,1.8,47.74,12.75,16.18,29.33
45050F,Turkey Tail Astragalus Dual Language 10 cnt TB - G,Maisa 2+3,3,3,730,730,9.1,31.9,830.53,30.1,31.9,94.4,,1.8,46.56,22.91,24.27,80.31
TGB501,Reishi Eleuthero Tea Goody Bag - G,Assembly,2,2,520,520,2.1,2.1,54.73,0.4,2.1,17.1,,1.7,45.38,247.62,1449.28,247.62
30012L,ORG GF Dandelion Blend 100g Bag,AMS,5,5,2045,2045,7.0,22.8,593.13,21.1,22.8,92.5,,1.7,44.21,89.85,97.09,292.14
TGB110,ORG French Roast Tea Bag Goody Bag - G,Assembly,3,2,775,750,2.1,2.1,55.25,0.5,2.1,24.4,,1.6,41.76,353.77,1449.28,365.57
45032,ORG Lion's Mane Rhodiola Tea Bag Demo Tray - G,Assembly,4,4,18,18,2.2,2.2,57.85,0.6,2.2,27.8,yes,1.6,41.74,8.11,29.12,8.11
TGB331,ORG Dandelion Mocha Mint Tea Bag Goody Bag - A,Assembly,4,4,550,550,1.9,1.9,50.82,0.4,1.9,19.5,yes,1.6,40.93,282.05,1449.28,282.05
TGB334,ORG Dandelion Coconut Tea Bag Goody Bag - A,Assembly,3,3,525,525,1.9,1.9,49.51,0.4,1.9,19.1,yes,1.5,40.07,276.32,1449.28,276.32
43220L,Org Dandelion Caramel Nut 10 Ct Tea Bag Loose - A,Maisa 2+3,5,4,2516,2278,6.7,17.1,446.67,15.6,17.1,91.3,,1.5,38.83,132.91,145.56,377.78
42099,Teeccino Herbal Tea Holiday Display,Assembly,2,2,7,7,1.7,1.7,45.08,0.2,1.7,13.9,,1.5,38.82,4.05,29.12,4.05
40011F,ORG Vanilla Nut DL 25CT Tea Bag AMZN (24pk) - GA,Assembly,1,1,72,72,1.3,2.6,67.23,1.2,2.6,47.9,,1.3,35.02,27.91,58.24,55.81
50092,Teeccino Chocolate Flavor Sampler,Assembly,3,3,440,440,11.9,16.4,428.69,15.1,16.4,91.9,,1.3,34.93,26.75,29.12,36.97
83010L,ORG Dandelion Vanilla Nut 10 Oz Bag/Box of 24 - A,WeighRight,2,2,1013,1013,2.8,8.3,215.78,7.0,8.3,84.0,,1.3,34.42,122.34,145.56,367.03
10009A,AMZN ORG Chia 2 X 1 Lb Bag,Assembly,1,1,144,144,4.3,4.3,111.28,3.0,4.3,69.5,,1.3,33.97,33.72,48.54,33.72
40132F,ORG Maca Chocolate DL 25CT Tea Bag AMZN (24pk) - G,Assembly,2,2,480,480,2.9,9.5,247.57,8.2,9.5,86.8,,1.3,32.79,50.53,58.24,166.67
80060,ORG Hazelnut 11OZ Bag/6 Count Case - GA,WeighRight,8,6,1380,1380,40.0,120.0,3127.2,56.9,58.1,97.9,,1.2,32.32,23.75,24.27,34.5
TGB208,ORG Irish Cream Tea Bag Goody Bag - G,Assembly,3,3,550,550,1.6,1.6,41.96,0.4,1.6,23.6,yes,1.2,32.07,341.61,1449.28,341.61
TGB130,ORG Maca Chocolate Tea Bag Goody Bag,Assembly,1,1,250,250,1.4,1.4,35.18,0.2,1.4,12.8,,1.2,30.69,185.19,1449.28,185.19
45020L,ORG Chaga Ashwagandha 10-Ct Tea Bag,Maisa 2+3,2,1,648,648,1.1,5.6,145.94,4.5,5.6,79.5,,1.1,29.92,115.71,145.56,578.57
40041,ORG Blood Orange 25CT Tea Bag - GA,Assembly,1,1,60,60,2.1,2.1,56.03,1.0,2.1,47.9,,1.1,29.18,27.91,58.24,27.91
43116,Dandelion DarkRoast Tagless Tea Bag - 50 Ct,Maisa 1,7,6,1890,1890,26.0,78.1,2034.24,64.9,65.9,98.4,,1.0,27.03,28.66,29.12,72.64
40131,ORG Mexican Chocolate 25CT Tea Bag - G,Maisa 2+3,4,4,2272,2272,9.3,40.0,1042.92,39.0,40.0,97.5,,1.0,26.31,56.77,58.24,243.78
80040L,ORG Blood Orange 11OZ Bag/Box of 24 - GA,WeighRight,3,3,7944,7944,17.5,55.5,1447.11,54.6,55.5,98.3,,1.0,24.88,143.06,145.56,454.72
40121,DO NOT MAKE ORG Maya Chai 25CT Tea Bag - G,Maisa 1,2,2,520,520,5.7,9.8,256.43,8.9,9.8,90.7,,0.9,23.76,52.85,58.24,91.87
50093,Wellness Packet Sampler Pack,Assembly,2,2,115,115,4.9,4.9,126.65,3.9,4.9,81.3,,0.9,23.74,23.66,29.12,23.66
10043,"ORG Star Anise, 6Oz Bag",WeighRight,1,1,1200,1200,4.5,13.6,354.94,12.7,13.6,93.4,,0.9,23.45,88.11,94.34,264.32
40012,ORG Vanilla Nut Tea Bag Demo Tray - GA,Assembly,1,1,12,12,1.3,1.3,33.62,0.4,1.3,31.9,,0.9,22.88,9.3,29.12,9.3
85030L,ORG Lion's Mane Rhodiola 10 Oz Bag/Box of 24 - G,WeighRight,1,1,1192,1192,3.0,9.0,234.54,8.2,9.0,91.0,,0.8,21.13,132.44,145.56,397.33
10081A,AMZN - WWB - ORG Roasted Ramon Granules - 1 Lb,AMS,1,1,237,237,1.1,3.2,84.43,2.4,3.2,75.3,,0.8,20.82,73.15,97.09,219.44
45010F,Reishi Eleuthero Dual Language 10 cnt TB - G,Maisa 2+3,1,1,230,230,3.4,10.3,267.38,9.5,10.3,92.4,,0.8,20.37,22.42,24.27,67.25
83223,ORG Dandelion Caramel Nut 10OZ Bag 3PK - A,Assembly,1,1,128,128,3.3,3.3,87.04,2.6,3.3,78.9,,0.7,18.33,38.32,48.54,38.32
43313,DO NOT MAKE ORG Dandelion Mocha Mint 25CT Tea Bag 3PK - A,Maisa 1,1,1,60,60,1.2,3.8,97.72,3.1,3.8,82.4,,0.7,17.18,16.0,19.41,48.0
43311F,ORG Dandelion Mocha Mint DL 25CT Tea Bag AMZN (24pk) - A,Assembly,4,3,384,288,2.7,5.6,145.94,4.9,5.6,88.3,,0.7,17.07,51.43,58.24,142.22
43371,ORG Blueberry Vanilla 25-Ct Tea Bag,Assembly,6,5,788,668,10.0,12.1,315.85,11.5,12.1,94.6,,0.7,16.95,55.12,58.24,78.49
43310F,Dandelion Mocha Mint Dual Language 10 cnt TB - A,Maisa 2+3,4,4,360,360,7.2,15.5,403.41,14.8,15.5,95.8,,0.6,16.79,23.26,24.27,50.14
49999,Teeccino Herbal Tea Shipper,Assembly,6,2,13,3,0.9,0.9,22.15,0.1,0.7,15.8,,0.5,14.25,4.62,29.12,15.29
83113,ORG Dandelion Dark Roast 10OZ Bag 3PK ,WeighRight,2,2,752,752,5.3,16.0,417.48,15.5,16.0,96.7,,0.5,13.78,46.94,48.54,140.82
TGB503,Lion's Mane Rhodiola Tea Goody Bag - G,Assembly,4,3,425,300,0.7,0.7,18.5,0.2,0.7,29.2,yes,0.5,13.11,422.54,1449.28,598.59
10021A,AMZN - WWB - Date Sugar - 1 Lb,AMS,1,1,336,336,1.3,3.9,101.63,3.5,3.9,88.7,,0.4,11.45,86.15,97.09,258.46
40089,ORG Raspberry Mocha 25Ct,Maisa 1,1,1,335,335,2.1,6.2,161.05,5.8,6.2,93.1,,0.4,11.15,54.21,58.24,162.62
TGB505,Turkey Tail Astragalus Tea Goody Bag - G,Assembly,3,3,295,295,0.6,0.6,16.16,0.2,0.6,32.8,yes,0.4,10.85,475.81,1449.28,475.81
90001,Holiday Instant Gift Box,Assembly,1,1,20,20,1.1,1.1,28.67,0.7,1.1,62.4,,0.4,10.77,18.18,29.12,18.18
65020,ORG Chaga Ashwagandha 5 Lb Bag,WeighRight,3,3,124,124,1.5,4.7,121.18,4.3,4.7,91.6,,0.4,10.21,26.67,29.12,80.0
TB506,ORG Tremella Tulsi Loose Tea Bag,Maisa 2+3,1,1,29765,29765,5.2,20.9,545.18,20.5,20.9,98.2,,0.4,9.96,1422.8,1449.28,5691.2
10033,Powdered Fine Date Sugar - 1 Lb Bag,AMS,1,1,120,120,0.4,1.6,41.7,1.2,1.6,77.2,,0.4,9.49,75.0,97.09,300.0
CLBOXAPG,Teeccino Chocolate Lovers APG Box,Assembly,2,2,60,60,1.3,2.4,61.76,2.1,2.4,86.9,,0.3,8.07,25.32,29.12,47.62
43370F,Dandelion Blueberry Vanilla Dual Language 10 cnt TB,Maisa 1,1,1,363,363,5.1,15.2,397.15,15.0,15.2,98.2,,0.3,7.32,23.82,24.27,71.46
85013,DO NOT MAKE ORG Reishi Eleuthero 10OZ Bag 3PK  - G,Assembly,2,2,96,96,1.7,2.2,58.63,2.0,2.2,87.9,,0.3,7.1,42.67,48.54,56.47
43222,ORG Dandelion Caramel Nut Tea Bag Demo Tray - A,Assembly,1,1,6,6,0.4,0.4,11.47,0.2,0.4,46.8,,0.2,6.1,13.64,29.12,13.64
20061,ORG Hazelnut 300G Dual Language Bag - 6Ct Case - GA,WeighRight,2,2,300,300,4.2,12.6,327.57,12.4,12.6,98.4,,0.2,5.39,23.87,24.27,71.6
43342,ORG Dandelion Coconut Tea Bag Demo Tray - A,Assembly,1,1,6,6,0.4,0.4,10.68,0.2,0.4,50.3,,0.2,5.32,14.63,29.12,14.63
45022,Chaga Ashwaganda TB Demo Tray,Assembly,2,2,10,10,0.5,0.5,14.07,0.3,0.5,63.6,,0.2,5.12,18.52,29.12,18.52
46012,ORG Dark Chocolate Tea Bag Demo Tray,Assembly,1,1,6,6,0.4,0.4,9.9,0.2,0.4,54.2,,0.2,4.53,15.79,29.12,15.79
45052,Turkey Tail Astragalus TB Demo Tray - G,Assembly,2,2,10,10,0.5,0.5,13.03,0.3,0.5,68.7,,0.2,4.08,20.0,29.12,20.0
42041,Snickerdoodle 25CT Tea Bag - GA,Maisa 1,2,2,1335,1335,6.2,23.1,600.94,22.9,23.1,99.4,,0.1,3.6,57.89,58.24,213.94
83116,Dandelion Dark Roast 500g APG Bag,WeighRight,1,1,360,360,1.2,3.8,97.72,3.7,3.8,98.9,,0.0,1.09,96.0,97.09,288.0
40060L,Org Hazelnut 10 Ct Tea Bag Loose - GA,AMS,2,2,512,512,1.8,3.5,92.25,3.5,3.5,99.4,,0.0,0.59,144.63,145.56,289.27
63010,ORG Dandelion Vanilla Nut 5 Lb Bag - A,WeighRight,1,1,12,12,0.1,0.4,9.38,0.4,0.4,114.5,,-0.1,-1.36,33.33,29.12,100.0
45070,ORG Miraculous Mushrooms A&P 10Ct/6Pk Tea Bag,Maisa 1,11,9,2143,2067,25.0,85.1,2217.97,85.2,85.1,100.1,,-0.1,-1.85,24.29,24.27,85.62
30011,Instant Mocha 100g Bag / 6 Count Case - G,AMS,3,3,226,226,4.8,14.2,371.35,14.4,14.2,101.0,,-0.1,-3.57,15.86,15.71,46.6
TB507,ORG Miraculous Mushroom A&P Loose Tea Bag,Maisa 2+3,2,2,4200,4200,1.5,2.7,71.4,2.9,2.7,105.8,,-0.2,-4.12,1532.85,1449.28,2763.16
85050,ORG Turkey Tail Astragalus 10 Oz Bag/6 Count Case - G,WeighRight,2,2,140,140,3.2,5.6,146.2,5.8,5.6,102.8,,-0.2,-4.15,24.96,24.27,43.61
40060A,AMZN Org Hazelnut 10 Ct Tea Bag Loose - GA,Maisa 1,1,1,1008,1008,2.2,6.8,175.91,6.9,6.8,102.6,,-0.2,-4.56,149.33,145.56,448.0
40013,ORG Vanila Nut 25CT Tea Bag 3PK - GA,Maisa 2+3,2,2,168,168,2.6,8.4,219.95,8.7,8.4,102.5,,-0.2,-5.57,19.91,19.41,65.62
62070,ORG Candy Cane 5 Lb Bag  - G,WeighRight,1,1,31,31,0.3,0.8,21.89,1.1,0.8,126.7,,-0.2,-5.85,36.9,29.12,110.71
50030,Almond Amaretto 30g Trial Size Packet - GA,WeighRight,2,2,1980,1980,4.5,13.4,347.9,13.6,13.4,101.9,,-0.3,-6.58,148.31,145.56,444.94
63310,ORG Dandelion Mocha Mint 5 Lb Bag - A,WeighRight,1,1,24,24,0.2,0.5,12.51,0.8,0.5,171.7,,-0.3,-8.97,50.0,29.12,150.0
80099,ORG Raspberry Mocha 11OZ Bag 3PK - GA,Assembly,1,1,80,80,1.3,1.3,33.88,1.6,1.3,126.8,,-0.3,-9.07,61.54,48.54,61.54
65050,ORG Turkey Tail Astragalus 5 Lb Bag - G,WeighRight,2,2,67,67,0.7,1.9,50.82,2.3,1.9,118.0,,-0.4,-9.14,34.36,29.12,103.08
55010,Reishi Eleuthero 30g Trial Size Packet - G,WeighRight,1,1,165,165,0.2,0.8,19.54,1.1,0.8,151.1,,-0.4,-10.0,220.0,145.56,660.0
TB301,ORG Dandelion Vanilla Nut Tea Bag - A,Maisa 1,1,1,2570,2570,0.5,1.4,35.96,1.8,1.4,128.5,,-0.4,-10.25,1862.32,1449.28,5586.96
43370L,Org Dandelion Blueberry Vanilla 10Ct Tea Bag Loose,Maisa 2+3,1,1,360,360,0.4,2.0,53.42,2.5,2.0,120.6,,-0.4,-11.03,175.61,145.56,878.05
80130A,AMZN Org Maca Chocolate 11OZ Bag/Box of 24 - G,WeighRight,2,2,1008,1008,2.2,6.5,168.09,6.9,6.5,107.4,,-0.5,-12.38,156.28,145.56,468.84
80020A,AMZN Org Chocolate Mint11OZ Bag/Box of 24 - GA,WeighRight,1,1,288,288,0.5,1.5,39.09,2.0,1.5,131.9,,-0.5,-12.47,192.0,145.56,576.0
45011,ORG Reishi Eleuthero 25 Ct Tea Bag - G,Maisa 2+3,3,3,864,864,4.1,14.3,373.96,14.8,14.3,103.4,,-0.5,-12.64,60.21,58.24,212.29
62040,Snickerdoodle 5 LB bag - GA,WeighRight,2,2,44,44,0.3,1.0,26.58,1.5,1.0,148.1,,-0.5,-12.79,43.14,29.12,129.41
63340,ORG Dandelion Coconut 5 Lb Bag - A,WeighRight,2,2,40,40,0.3,0.8,21.89,1.4,0.8,163.5,,-0.5,-13.91,47.62,29.12,142.86
80016,Vanilla Nut 500g APG Bag - GA,WeighRight,1,1,432,432,1.3,3.9,101.63,4.4,3.9,114.1,,-0.5,-14.32,110.77,97.09,332.31
40051,Org English Toffee 25-Ct Tea Bag - GA,Maisa 1,1,1,600,600,3.2,9.8,254.08,10.3,9.8,105.7,,-0.6,-14.39,61.54,58.24,184.62
65010,ORG Reishi Eleuthero 5 Lb Bag - G,WeighRight,3,3,56,56,0.7,1.4,35.7,1.9,1.4,140.4,,-0.6,-14.41,40.88,29.12,81.16
63080,ORG Dandelion Mocha 5 Lb Bag - A,WeighRight,1,1,32,32,0.2,0.5,14.07,1.1,0.5,203.5,,-0.6,-14.56,59.26,29.12,177.78
43341,Dandelion Coconut 25 Count Tea Bag - A,Maisa 1,7,6,3408,3408,19.3,57.9,1509.66,58.5,57.9,101.0,,-0.6,-15.25,58.83,58.24,176.49
60020,ORG Chocolate Mint 5 Lb Bag - GA,WeighRight,1,1,32,32,0.2,0.5,13.29,1.1,0.5,215.5,,-0.6,-15.35,62.75,29.12,188.24
40010A,AMZN Org Vanilla Nut 10 Ct Tea Bag Loose - GA,Maisa 2+3,2,2,540,540,0.8,3.1,81.05,3.7,3.1,119.3,,-0.6,-15.63,173.63,145.56,701.3
10008,"Org Rooibos, 8 Oz Bag",AMS,9,8,4911,4911,13.7,50.0,1302.48,50.6,50.0,101.2,,-0.6,-15.72,98.26,97.09,359.78
83370L,ORG Blueberry Vanilla 10 Oz Bag/Box of 24,WeighRight,1,1,648,648,1.3,3.8,100.07,4.5,3.8,115.9,,-0.6,-15.94,168.75,145.56,506.25
62060,ORG Maple Pecan 5 Lb Bag - GA,WeighRight,3,2,52,52,0.6,1.7,44.56,1.8,1.1,156.6,,-0.6,-16.83,45.61,29.12,91.23
43223,ORG Dandelion Caramel Nut 25CT Tea Bag 3PK - A,Maisa 2+3,1,1,240,240,2.3,11.7,304.9,12.4,11.7,105.7,,-0.7,-17.26,20.51,19.41,102.56
45010L,ORG Reishi Eleuthero 10-Ct Tea Bag - G,Maisa 2+3,1,1,288,288,0.3,1.3,33.88,2.0,1.3,152.2,,-0.7,-17.68,221.54,145.56,1107.69
31010,ORG Instant Hazelnut Latte 6Ct Case,AMS,2,2,45,45,0.8,2.1,54.73,2.8,2.1,132.4,,-0.7,-17.75,21.43,16.18,53.57
80080A,AMZN Org Mocha 11OZ Bag/Box of 24 - GA,WeighRight,3,3,1248,1248,3.4,7.9,205.61,8.6,7.9,108.7,,-0.7,-17.82,158.17,145.56,365.98
83110,ORG Dandelion Dark Roast 10 Oz Bag/6 Count Case,WeighRight,1,1,40,40,0.3,1.0,25.02,1.6,1.0,171.7,,-0.7,-17.94,41.67,24.27,125.0
83220,ORG Dandelion Caramel Nut 10 Oz Bag/6 Count Case - A,AMS,2,2,96,96,3.3,3.3,84.96,4.0,3.3,121.4,,-0.7,-18.14,29.45,24.27,29.45
83360L,ORG Holiday Egg Nog 10oz Bag/Box of 24,WeighRight,1,1,222,222,0.3,0.8,21.11,1.5,0.8,188.3,,-0.7,-18.64,274.07,145.56,822.22
80133,ORG MACA Chocolate 11OZ Bag 3PK - G,Assembly,2,2,320,320,4.7,5.8,152.19,6.6,5.8,112.9,,-0.8,-19.6,54.79,48.54,68.38
83080L,ORG Dandelion Mocha 10 Oz Bag/Box of 24 - A,WeighRight,2,2,1276,1276,2.7,8.0,208.74,8.8,8.0,109.4,,-0.8,-19.7,159.3,145.56,477.9
TB070,ORG Java Tea Bag - GA,Maisa 1,1,1,3000,3000,0.4,1.3,33.62,2.1,1.3,160.5,,-0.8,-20.33,2325.58,1449.28,6976.74
85010,ORG Reishi Eleuthero 10 Oz Bag/6 Count Case - G,WeighRight,2,2,160,160,2.7,5.8,150.63,6.6,5.8,114.1,,-0.8,-21.2,27.68,24.27,59.7
42040L,ORG Snickerdoodle 10ct Loose - GA,Maisa 1,2,1,756,612,1.1,3.4,88.34,4.2,3.4,124.0,,-0.8,-21.22,180.53,145.56,669.03
83320L,ORG Dandelion Red Chai 10 Oz Bag/Box of 24,WeighRight,1,1,355,355,0.5,1.6,42.22,2.4,1.6,150.5,,-0.8,-21.34,219.14,145.56,657.41
60130,ORG MACA Chocolate 5 Lb Bag - G,WeighRight,3,3,60,60,0.4,1.2,31.27,2.1,1.2,171.7,,-0.9,-22.42,50.0,29.12,150.0
TB080,ORG Mocha Tea Bag - GA,Maisa 1,1,1,8000,8000,1.5,4.5,118.05,5.5,4.5,121.9,,-1.0,-25.8,1766.0,1449.28,5298.01
40110L,Org French Roast 10 Ct Tea Bag Loose - G,AMS,1,1,768,768,4.3,4.3,111.54,5.3,4.3,123.3,,-1.0,-25.96,179.44,145.56,179.44
43370,ORG Dandelion Blueberry Vanilla 10ct/6pk Tea Bag,Maisa 1,2,2,288,288,3.7,10.8,282.49,11.9,10.8,109.5,,-1.0,-26.8,26.57,24.27,77.01
TB337,ORG Blueberry Vanilla Tea Bag,Maisa 1,3,3,13173,13173,2.7,8.0,209.52,9.1,8.0,113.1,,-1.0,-27.35,1638.43,1449.28,4915.3
40061,ORG Hazelnut 25CT Tea Bag - GA,Maisa 1,5,5,3360,3360,20.3,56.6,1476.04,57.7,56.6,101.9,,-1.1,-27.39,59.32,58.24,165.68
45050,ORG Turkey Tail Astragalus 10 Ct Tea Bag/6 Count Case - G,Maisa 2+3,4,4,1700,1700,15.8,68.9,1796.32,70.1,68.9,101.6,,-1.1,-29.37,24.66,24.27,107.66
66010,ORG Dark Chocolate 5 Lb Bag,WeighRight,5,4,116,116,1.1,3.2,83.65,4.0,2.9,139.8,,-1.1,-29.54,40.7,29.12,108.41
80020L,ORG Chocolate Mint 11OZ Bag/Box of 24 - GA,AMS,3,3,672,672,3.5,3.5,90.43,4.6,3.5,133.0,,-1.1,-29.88,193.66,145.56,193.66
85010L,ORG Reishi Eleuthero 10 Oz Bag/Box of 24 - G,WeighRight,4,4,1784,1784,3.8,11.0,286.92,12.3,11.0,111.3,,-1.2,-32.47,162.03,145.56,473.21
82130L,ORG Mexican Chocolate 11OZ Bag/Box of 24 - G,WeighRight,4,4,2319,2319,4.9,14.7,382.3,15.9,14.7,108.6,,-1.3,-32.88,158.08,145.56,474.23
80089L,ORG Raspberry Mocha 11OZ Bag/Box of 24 - GA,WeighRight,1,1,840,840,1.5,4.5,117.27,5.8,4.5,128.2,,-1.3,-33.12,186.67,145.56,560.0
52040,ORG Snickerdoodle 30g Trial Size Packet - GA,WeighRight,2,1,972,379,0.4,1.3,34.4,2.6,1.3,197.3,,-1.3,-33.45,287.12,145.56,2209.09
GDB501,ORG Reishi Eleuthero Packet Goody Bag - G,Assembly,2,2,45,45,0.2,0.2,5.47,1.5,0.2,735.9,,-1.3,-34.8,214.29,29.12,214.29
43114,ORG Dandelion Dark Roast 10CT Tea Bag 4PK (with DCO/DMM Goody Bag),Maisa 2+3,1,1,96,96,0.3,1.3,33.88,2.6,1.3,202.9,,-1.3,-34.85,73.85,36.4,369.23
82040L,ORG Snickerdoodle 11OZ Bag/Box of 24 - GA,WeighRight,1,1,432,432,0.5,1.6,40.65,3.0,1.6,190.2,,-1.4,-36.69,276.92,145.56,830.77
GDB601,ORG Dark Chocolate Packet Goody Bag,Assembly,1,1,50,50,0.2,0.2,6.51,1.7,0.2,686.8,,-1.5,-38.23,200.0,29.12,200.0
85023,ORG Chaga Ashwagandha 10OZ Bag 3PK ,WeighRight,1,1,240,240,1.1,3.4,89.91,4.9,3.4,143.3,,-1.5,-38.93,69.57,48.54,208.7
43220F,Dandelion Caramel Nut Dual Language 10 cnt TB - A,Maisa 2+3,4,4,470,470,4.3,17.9,465.43,19.4,17.9,108.4,,-1.5,-39.32,26.32,24.27,109.81
85070,ORG Miraculous Mushrooms A&P 6Ct/10Oz APG Bag,WeighRight,4,4,251,251,2.9,8.8,229.85,10.3,8.8,117.3,,-1.5,-39.71,28.46,24.27,85.37
80066A,Hazelnut 500g APG Bag - GA,WeighRight,1,1,600,600,1.6,4.7,121.18,6.2,4.7,132.9,,-1.5,-39.87,129.03,97.09,387.1
80050L,ORG English Toffee 11oz Bag/Box of 24 - GA,WeighRight,3,3,1557,1557,3.0,9.1,237.67,10.7,9.1,117.3,,-1.6,-41.09,170.72,145.56,512.17
20111,ORG French Roast 300G Dual Language Bag - 6Ct Case - G,WeighRight,3,3,300,300,3.6,10.8,280.67,12.4,10.8,114.8,,-1.6,-41.51,27.86,24.27,83.57
45070L,Org Miraculous Mushroom A&P 10Ct Tea Bag Loose,Maisa 2+3,2,2,648,648,0.7,2.8,72.45,4.5,2.8,160.1,,-1.7,-43.57,233.09,145.56,981.82
80080L,Org Mocha 11OZ Bag/Box of 24 - GA,WeighRight,3,2,864,864,3.8,11.3,293.96,5.9,4.2,141.3,,-1.7,-45.23,205.71,145.56,229.79
55092A,AMZN Mushroom 6 Packet Sampler,Assembly,1,1,150,150,3.4,3.4,88.08,5.2,3.4,152.4,,-1.8,-46.15,44.38,29.12,44.38
80083,ORG Mocha 11OZ Bag 3PK  - GA,WeighRight,4,4,656,656,4.1,11.7,305.16,13.5,11.7,115.4,,-1.8,-47.0,56.02,48.54,159.61
63220,ORG Dandelion Caramel Nut 5 Lb Bag - A,WeighRight,2,2,108,108,0.8,1.9,48.99,3.7,1.9,197.3,,-1.8,-47.66,57.45,29.12,138.46
55030,Lion's Mane Rhodiola 30g Trial Size Packet - G,WeighRight,1,1,1800,1800,3.5,10.5,273.63,12.4,10.5,117.8,,-1.9,-48.63,171.43,145.56,514.29
60120,DO NOT MAKE ORG Maya Chai 5 Lb Bag - G,WeighRight,2,2,95,95,0.5,1.4,35.18,3.3,1.4,241.7,,-1.9,-49.83,70.37,29.12,211.11
83310L,ORG Dandelion Mocha Mint 10 Oz Bag/Box of 24 - A,WeighRight,4,4,1175,1175,2.0,6.1,158.71,8.1,6.1,132.5,,-2.0,-51.66,192.94,145.56,578.82
82080L,ORG Irish Cream 11 Oz Bag/Box of 24 - G,WeighRight,1,1,528,528,0.5,1.6,42.22,3.6,1.6,223.9,,-2.0,-52.31,325.93,145.56,977.78
86010L,ORG Dark Chocolate 10 Oz Bag/Box of 24,WeighRight,10,10,7830,7830,17.6,51.7,1348.34,53.8,51.7,104.0,,-2.1,-53.48,151.33,145.56,444.38
43314,ORG Dandelion Mocha Mint 10CT Tea Bag 4PK - A,Maisa 1,2,2,384,384,2.8,8.5,221.25,10.5,8.5,124.2,,-2.1,-53.64,45.23,36.4,135.69
60080,ORG Mocha 5 Lb Bag - GA,WeighRight,4,4,157,157,1.8,3.2,84.69,5.4,3.2,165.9,,-2.1,-55.8,48.31,29.12,89.71
63110,ORG Dandelion Dark Roast 5 Lb Bag,WeighRight,4,4,235,235,2.0,5.9,153.23,8.1,5.9,137.2,,-2.2,-57.07,39.97,29.12,119.9
43110L,Org Dandelion Dark Roast 10 Ct Tea Bag Loose,Maisa 2+3,1,1,720,720,0.5,2.7,70.36,4.9,2.7,183.2,,-2.2,-58.54,266.67,145.56,1333.33
TB334,ORG Dandelion Coconut Tea Bag - A,Maisa 1,4,4,56850,56850,13.6,37.0,963.44,39.2,37.0,106.1,,-2.3,-58.8,1537.73,1449.28,4195.57
40116,French Roast Tagless Tea Bag - 50 Ct - G,AMS,5,5,1313,1313,22.9,42.8,1114.07,45.1,42.8,105.5,,-2.3,-60.94,30.71,29.12,57.26
80130,ORG MACA Chocolate 11OZ Bag/6 Count Case - G,WeighRight,1,1,151,151,1.3,3.9,100.85,6.2,3.9,160.8,,-2.4,-61.31,39.02,24.27,117.05
83110L,ORG Dandelion Dark Roast 10 oz Bag/Box of 24,WeighRight,11,11,10581,10581,23.4,70.3,1831.76,72.7,70.3,103.4,,-2.4,-62.58,150.53,145.56,451.6
82060L,ORG Maple Pecan 11OZ Bag/Box of 24 - GA,WeighRight,3,3,1533,1533,2.7,8.1,211.87,10.5,8.1,129.5,,-2.4,-62.59,188.56,145.56,565.68
43111F,ORG Dandelion Dark Roast DL 25CT Tea Bag AMZN (24pk),Maisa 2+3,2,2,360,360,1.8,3.6,92.77,6.2,3.6,173.6,,-2.6,-68.31,101.12,58.24,204.55
49011,25 Count Variety Pack (CM/CH/PDC),Assembly,2,2,96,96,4.0,4.0,103.46,6.6,4.0,166.1,,-2.6,-68.36,24.18,14.56,24.18
53080,Dandelion Mocha 30g Trial Size Packet - A,WeighRight,1,1,1291,1291,2.1,6.2,162.61,8.9,6.2,142.1,,-2.6,-68.52,206.89,145.56,620.67
53310,Dandelion Mocha Mint 30g Trial Size Packet - A,WeighRight,1,1,1440,1440,2.4,7.2,186.85,9.9,7.2,138.0,,-2.7,-70.96,200.84,145.56,602.51
80070A,AMZN Org Java 11OZ Bag/Box of 24 - GA,WeighRight,2,2,1800,1800,3.2,9.6,249.39,12.4,9.6,129.2,,-2.8,-72.86,188.09,145.56,564.26
GDB010,ORG Vanilla Nut Packet Goody Bag - GA,Assembly,3,3,100,100,0.6,0.6,15.11,3.4,0.6,592.1,yes,-2.9,-74.38,172.41,29.12,172.41
80010A,AMZN Org Vanilla Nut 11OZ Bag/Box of 24 - GA,WeighRight,4,4,3504,3504,7.1,21.2,552.73,24.1,21.2,113.5,,-2.9,-74.6,165.21,145.56,495.62
10019,ORG Astragalus 8 Oz Bag,AMS,2,2,2512,2512,6.2,23.0,599.38,25.9,23.0,112.5,,-2.9,-74.89,109.22,97.09,401.92
85020L,ORG Chaga Ashwagandha 10 Oz Bag/Box of 24,WeighRight,4,3,3144,3144,6.2,18.7,486.28,21.6,18.7,115.8,,-2.9,-76.6,168.49,145.56,505.47
55092,Mushroom 6 Packet Sampler,Assembly,1,1,240,240,5.3,5.3,138.12,8.2,5.3,155.5,,-2.9,-76.66,45.28,29.12,45.28
50097,Teeccino 30g Packet 10 Flavor Sampler,Assembly,11,10,754,754,26.4,26.4,689.03,25.9,22.9,113.3,,-3.0,-79.02,32.98,29.12,28.52
42040,ORG Snickerdoodle 10ct/6pk Tea Bag - GA,Maisa 1,4,4,1020,1020,10.8,38.9,1013.73,42.0,38.9,108.1,,-3.1,-81.68,26.22,24.27,94.1
43340,ORG Dandelion Coconut 10CT Tea Bag - A,Maisa 1,7,7,2402,2402,26.3,95.8,2497.85,99.0,95.8,103.3,,-3.1,-81.74,25.06,24.27,91.23
83220A,AMZN Dandelion Caramel Nut 10 Oz Bag/Box of 24 - A,WeighRight,2,2,864,864,0.9,2.7,71.14,5.9,2.7,217.4,,-3.2,-83.54,316.48,145.56,949.45
TB502,ORG Chaga Ashwagandha Loose Tea Bag,Maisa 2+3,6,6,57080,57080,9.0,36.1,940.24,39.4,36.1,109.2,,-3.3,-86.13,1582.04,1449.28,6328.16
29002,ORG FR/HZ/VN 300g Variety Pack,Assembly,3,2,83,83,4.8,4.8,125.09,5.1,1.8,285.0,,-3.3,-86.79,46.11,16.18,17.29
80080,ORG Mocha 11OZ Bag/6 Count Case - GA,WeighRight,7,7,1545,1545,20.1,60.3,1571.42,63.7,60.3,105.6,,-3.4,-87.81,25.62,24.27,76.87
50089,ORG Raspberry Mocha 30g Trial Size Packet - GA,WeighRight,3,3,2160,2160,3.8,11.5,298.65,14.8,11.5,129.5,,-3.4,-88.06,188.48,145.56,565.45
45020F,Chaga Ashwagandha Dual Language 10 cnt TB,Maisa 2+3,5,5,1407,1407,12.2,54.4,1417.66,58.0,54.4,106.6,,-3.6,-93.36,25.86,24.27,115.14
83340L,ORG Dandelion Coconut 10 Oz Bag/Box of 24 - A,WeighRight,3,3,1731,1731,2.8,8.3,215.78,11.9,8.3,143.6,,-3.6,-94.13,209.06,145.56,627.17
45030L,ORG Lion's Mane Rhodiola 10-Ct Tea Bag - G,Maisa 2+3,2,2,1052,1052,0.7,3.5,92.51,7.2,3.5,203.6,,-3.7,-95.83,296.34,145.56,1481.69
10027,Organic Licorice C/S - 8 Oz Bag,WeighRight,4,4,3080,3080,8.4,28.0,728.9,31.7,28.0,113.4,,-3.8,-97.83,110.12,97.09,365.36
TB308,ORG Dandelion Mocha Tea Bag - A,Maisa 2+3,1,1,8000,8000,0.4,1.7,44.82,5.5,1.7,320.9,,-3.8,-99.03,4651.16,1449.28,18604.65
82110L,ORG French Vanilla 11OZ Bag/Box of 24 - G,WeighRight,4,4,2019,2019,3.3,10.0,259.56,13.9,10.0,139.3,,-3.9,-101.91,202.71,145.56,608.13
43113,ORG Dandelion Dark Roast 25CT Tea Bag 3PK,Maisa 2+3,1,1,216,216,1.4,7.2,187.63,11.1,7.2,154.5,,-3.9,-102.32,30.0,19.41,150.0
52060,Maple Pecan 30g Trial Size Packet - GA,WeighRight,2,2,1861,1861,2.9,8.7,226.72,12.8,8.7,147.0,,-4.1,-106.46,213.91,145.56,641.72
80033,ORG Almond Amaretto 11OZ Bag 3PK - GA,WeighRight,5,5,608,608,3.9,8.3,215.78,12.5,8.3,151.3,,-4.2,-110.62,73.43,48.54,155.9
80130L,Org Maca Chocoate 11oz Bag/Box of 24 - G,WeighRight,3,3,1821,1821,2.7,8.2,214.21,12.5,8.2,152.2,,-4.3,-111.8,221.53,145.56,664.6
55050,Turkey Tail Astragalus 30g Trial Size Packet - G,WeighRight,3,3,1846,1846,2.8,8.3,216.56,12.7,8.3,152.6,,-4.4,-113.93,222.14,145.56,666.43
40081,ORG Mocha 25CT Tea Bag - GA,Maisa 2+3,7,7,2382,2382,14.6,36.5,951.71,40.9,36.5,112.0,,-4.4,-114.12,65.22,58.24,162.7
60030,ORG Almond Amaretto 5 Lb Bag - GA,WeighRight,5,5,228,228,1.1,3.4,89.13,7.8,3.4,228.9,yes,-4.4,-114.91,66.67,29.12,200.0
40130L,Org Maca Chocolate 10 Ct Tea Bag Loose - G,Maisa 2+3,2,2,1240,1240,2.1,4.1,106.85,8.5,4.1,207.8,,-4.4,-115.15,302.44,145.56,601.94
TB504,ORG Cordyceps Schisandra Loose Tea Bag,Maisa 2+3,2,2,27075,27075,7.1,14.2,371.09,18.7,14.2,131.2,,-4.4,-115.75,1901.33,1449.28,3802.67
40132,ORG Maca Chocolate 25CT Tea Bag - G,Maisa 2+3,5,5,2506,2506,11.3,38.6,1004.87,43.0,38.6,111.6,,-4.5,-116.44,64.99,58.24,222.16
GDB060,ORG Hazelnut Packet Goody Bag - GA,Assembly,7,5,505,220,3.1,3.1,80.26,7.6,3.1,245.3,yes,-4.5,-116.61,71.43,29.12,163.96
83220L,Dandelion Caramel Nut 10 Oz Bag/Box of 24 - A,WeighRight,6,6,1935,1935,3.0,8.7,227.76,13.3,8.7,152.1,,-4.6,-118.66,221.4,145.56,649.33
80110L,Org French Roast 11oz Bag/Box of 24 - G,WeighRight,5,5,4344,4344,8.4,25.2,656.71,29.8,25.2,118.4,,-4.6,-121.0,172.38,145.56,517.14
53340,Dandelion Coconut 30g Trial Size Packet - A,WeighRight,1,1,2160,2160,3.3,10.0,261.12,14.8,10.0,148.1,,-4.8,-125.59,215.57,145.56,646.71
46010L,ORG Dark Chocolate 10 Ct Tea Bag/36 Count Box,Maisa 2+3,9,9,6946,6946,14.2,42.8,1116.15,47.7,42.8,111.4,,-4.9,-127.41,162.18,145.56,488.12
TB333,ORG Dandelion Turmeric Tea Bag,Maisa 2+3,4,4,32700,32700,10.6,17.6,459.18,22.6,17.6,128.1,,-4.9,-128.81,1855.85,1449.28,3096.59
TB030,ORG Almond Amaretto Tea Bag - GA,Maisa 2+3,3,3,26209,26209,3.7,13.1,342.43,18.1,13.1,137.6,,-4.9,-128.85,1994.6,1449.28,7122.01
60070,ORG Java 5 Lb Bag - GA,WeighRight,5,5,258,258,1.3,3.9,101.63,8.9,3.9,227.2,yes,-5.0,-129.25,66.15,29.12,198.46
43310L,Org Dandelion Mocha Mint 10 Ct Tea Bag Loose - A,Maisa 2+3,5,5,3806,3806,5.8,21.1,550.39,26.1,21.1,123.8,,-5.0,-131.01,180.21,145.56,658.48
80060A,AMZN Org Hazelnut 11OZ Bag/Box of 24 - GA,WeighRight,4,4,3924,3924,7.3,21.8,569.15,27.0,21.8,123.4,,-5.1,-133.37,179.67,145.56,539.01
80070L,Org Java 11OZ Bag/Box of 24 - GA,WeighRight,4,4,1722,1722,2.2,6.6,172.0,11.8,6.6,179.2,yes,-5.2,-136.3,260.91,145.56,782.73
80063,ORG Hazelnut 11OZ Bag 3PK  - GA,WeighRight,5,5,1216,1216,8.3,19.7,513.9,25.0,19.7,127.0,,-5.3,-138.89,61.66,48.54,147.22
40060,ORG Hazelnut 10ct/6pk Tea Bag - GA,Maisa 1,13,13,3705,3705,51.3,147.3,3839.68,152.7,147.3,103.6,,-5.3,-139.24,25.15,24.27,72.28
86010,ORG Dark Chocolate 10 Oz Bag/6 Count Case,WeighRight,10,10,967,967,11.9,34.5,899.07,39.9,34.5,115.5,,-5.4,-139.42,28.03,24.27,81.53
10015,"ORG Schisandra, 1 lb Bag",WeighRight,1,1,1232,1232,2.4,7.1,183.72,12.7,7.1,180.0,,-5.6,-146.97,174.75,97.09,524.26
80030A,AMZN Org Almond Amaretto 11OZ Bag/Box of 24 - GA,WeighRight,5,5,2928,2928,4.8,14.4,374.48,20.1,14.4,140.0,,-5.7,-149.72,203.76,145.56,611.27
GDB311,ORG Dandelion Dark Roast Packet Goody Bag,Assembly,2,2,200,200,1.1,1.1,28.14,6.9,1.1,635.9,,-5.8,-150.84,185.19,29.12,185.19
80116A,French Roast 500g APG Bag - G,WeighRight,4,4,1320,1320,2.6,7.7,201.7,13.6,7.7,175.7,yes,-5.9,-152.61,170.54,97.09,511.63
60060,ORG Hazelnut 5 Lb Bag - GA,WeighRight,5,5,380,380,2.4,7.1,185.29,13.0,7.1,183.5,yes,-5.9,-154.78,53.45,29.12,160.34
53220,Dandelion Caramel Nut 30g Trial Size Packet - A,WeighRight,1,1,2700,2700,4.2,12.6,327.57,18.5,12.6,147.6,,-6.0,-155.81,214.8,145.56,644.39
55070,ORG Miraculous Mushrooms A+P 30g Trial Size Packet,WeighRight,3,3,4705,4705,8.7,26.0,676.26,32.3,26.0,124.6,,-6.4,-166.09,181.31,145.56,543.93
31005,ORG Instant Dandelion Blend Latte 6Ct Case ,AMS,3,3,136,136,0.7,2.0,52.38,8.4,2.0,418.1,yes,-6.4,-166.65,67.66,16.18,188.89
50130,ORG MACA Chocolate 30g Trial Size Packet - G,WeighRight,4,4,3240,3240,5.2,15.7,408.1,22.3,15.7,142.1,,-6.6,-171.96,206.9,145.56,620.69
40086,Mocha Tagless Tea Bag - 50 Ct - GA,AMS,3,3,811,811,9.9,21.1,551.17,27.8,21.1,131.7,,-6.7,-174.6,38.35,29.12,82.0
80060L,Org Hazelnut 11OZ Bag/Box of 24 - GA,WeighRight,3,3,3504,3504,5.8,17.3,450.32,24.1,17.3,139.3,,-6.8,-177.01,202.78,145.56,608.33
40031,ORG Almond Amaretto 25CT Tea Bag - GA,Maisa 1,6,6,2595,2595,12.2,37.8,984.03,44.6,37.8,118.0,,-6.8,-177.11,68.72,58.24,212.7
40091,Teeccino Intro Tea Bag Sampler,Assembly,2,2,300,300,1.7,3.5,90.69,10.3,3.5,296.0,,-6.8,-177.78,86.21,29.12,172.41
50080,ORG Mocha 30g Trial Size Packet - GA,WeighRight,3,3,2880,2880,4.3,12.8,333.05,19.8,12.8,154.8,,-7.0,-182.57,225.35,145.56,676.06
80113,ORG French Roast 11OZ Bag 3PK - G,WeighRight,8,8,2208,2208,14.8,38.3,997.32,45.5,38.3,118.9,,-7.2,-188.02,57.7,48.54,149.29
20011,ORG Vanilla Nut 300G Dual Language Bag - 6Ct Case - GA,WeighRight,2,2,300,300,1.7,5.1,133.69,12.4,5.1,241.0,,-7.2,-188.49,58.48,24.27,175.44
85070L,ORG Miraculous Mushrooms A&P 10oz Bag/Box of 24,WeighRight,10,10,7842,7842,15.5,46.4,1209.97,53.9,46.4,116.0,,-7.4,-194.0,168.9,145.56,505.61
TB322,ORG Dandelion Caramel Nut Tea Bag - A,Maisa 1,5,5,55096,55096,12.5,30.5,794.31,38.0,30.5,124.7,,-7.5,-196.39,1807.61,1449.28,4421.83
GDB080,ORG Mocha Packet Goody Bag,Assembly,3,3,250,250,0.5,0.5,13.03,8.6,0.5,1717.0,yes,-8.1,-210.7,500.0,29.12,500.0
43220,ORG Dandelion Caramel Nut 10ct/6pk Tea Bag - A,Maisa 2+3,13,13,9703,9703,80.1,391.7,10206.92,399.9,391.7,102.1,,-8.2,-213.45,24.77,24.27,121.18
TB331,ORG Dandelion Mocha Mint Tea Bag - A,Maisa 1,5,4,50000,44000,7.7,21.7,564.98,30.4,21.7,140.0,,-8.7,-226.2,2029.52,1449.28,6510.42
46013,ORG Dark Chocolate 25CT Tea Bag 3PK,Maisa 2+3,3,3,496,496,3.3,16.4,428.69,25.5,16.4,155.3,,-9.1,-237.12,30.15,19.41,150.76
TB601,ORG Dark Chocolate Loose Tea Bag,Maisa 2+3,3,3,31547,31547,3.4,12.5,326.79,21.8,12.5,173.6,,-9.2,-240.47,2515.71,1449.28,9251.32
89002,HZ/JV/MO 11 Oz Variety Pack,Assembly,2,2,240,240,5.6,5.6,145.68,14.8,5.6,265.4,,-9.2,-240.91,42.93,16.18,42.93
NTB3110,Dandelion Dark Roast Tagless 6g Tea Bag,Maisa 2+3,2,2,32604,32604,6.4,12.9,335.13,22.5,12.9,174.9,,-9.6,-251.13,2535.3,1449.28,5070.61
NTB0060,Hazelnut Tagless 6g Tea Bag - GA,Maisa 1,1,1,31200,31200,5.5,11.0,286.14,21.5,11.0,196.1,,-10.5,-274.88,2841.53,1449.28,5683.06
10042,ORG Burdock 1 Lb Bag,WeighRight,7,7,5631,5631,14.4,46.8,1219.35,58.0,46.8,124.0,,-11.2,-292.11,120.35,97.09,390.5
80110A,AMZN Org French Roast 11OZ Bag/Box of 24 - G,WeighRight,12,12,11904,11904,23.3,69.9,1822.38,81.8,69.9,116.9,,-11.9,-308.82,170.23,145.56,510.68
56010,Dark Chocolate 30g Trial Size Packet,WeighRight,5,5,6660,6660,11.2,33.8,879.52,45.8,33.8,135.6,,-12.0,-312.83,197.33,145.56,592.0
NTB0010,Vanilla Nut Tagless 6g Tea Bag - GA,Maisa 1,3,3,85200,85200,19.0,46.6,1214.4,58.8,46.6,126.2,,-12.2,-317.62,1828.33,1449.28,4477.14
50060,ORG Hazelnut 30g Trial Size Packet - GA,WeighRight,3,3,6480,6480,12.5,32.0,834.96,44.5,32.0,138.9,,-12.5,-325.17,202.25,145.56,517.99
60110,ORG French Roast 5 Lb Bag - G,WeighRight,7,7,614,614,2.8,8.3,215.78,21.1,8.3,254.6,yes,-12.8,-333.69,74.15,29.12,222.46
12251L,Holiday Tea Bag Sampler Box ,Assembly,3,3,612,612,7.8,7.8,203.01,21.0,7.8,269.8,yes,-13.2,-344.67,78.56,29.12,78.56
55020,Chaga Ashwagandha 30g Trial Size Packet,WeighRight,5,5,6840,6840,11.2,33.6,874.83,47.0,33.6,140.0,,-13.4,-349.75,203.75,145.56,611.26
GDB110,ORG French Roast Packet Goody Bag - G,Assembly,3,3,435,435,1.5,1.5,39.09,14.9,1.5,995.9,yes,-13.4,-350.19,290.0,29.12,290.0
ntb0110,French Roast Tagless 6g Tea Bag - G,Maisa 2+3,2,2,44400,44400,8.6,17.2,447.71,30.6,17.2,178.3,,-13.5,-350.66,2584.4,1449.28,5168.8
NTB0080,Mocha Tagless 6g Tea Bag - GA,Maisa 2+3,2,2,41796,41796,7.6,15.2,396.11,28.8,15.2,189.7,,-13.6,-355.44,2749.74,1449.28,5499.47
43226,Dandelion Caramel Nut Tagless Tea Bag - 50 Ct - A,AMS,7,7,2421,2421,27.5,69.2,1804.13,83.1,69.2,120.1,,-13.9,-362.42,34.97,29.12,88.13
53110,Dandelion Dark Roast 30g Trial Size Packet,WeighRight,4,4,7065,7065,12.1,34.0,886.3,48.5,34.0,142.7,,-14.5,-378.56,207.73,145.56,584.85
GDB502,ORG Chaga Ashwaganda Packet Goody Bag,Assembly,5,5,480,480,1.9,1.9,49.77,16.5,1.9,863.0,yes,-14.6,-379.78,251.31,29.12,251.31
50070,ORG Java 30g Trial Size Packet - GA,WeighRight,5,5,7560,7560,12.3,37.0,963.18,51.9,37.0,140.5,,-15.0,-390.31,204.55,145.56,613.64
43081,ORG Dandelion Mocha 25CT Tea Bag - A,Maisa 1,4,4,2211,2211,8.4,22.9,595.99,38.0,22.9,166.0,,-15.1,-393.32,96.68,58.24,264.47
80010,ORG Vanilla Nut 11oz Bag/6 Count Case - GA,WeighRight,18,18,3193,3193,38.6,115.6,3013.84,131.6,115.6,113.8,,-15.9,-415.23,27.61,24.27,82.83
TB010,ORG Vanilla Nut Tea Bag Loose - GA,Maisa 2+3,9,9,98840,98840,18.1,52.0,1355.38,68.2,52.0,131.1,,-16.2,-421.9,1900.4,1449.28,5460.77
40066,Hazelnut Tagless Tea Bag - 50 Ct - GA,AMS,6,6,1606,1606,13.5,38.3,999.14,55.2,38.3,143.8,,-16.8,-438.07,41.89,29.12,119.41
40016,Vanilla Nut Tagless Tea Bag - 50 Ct - GA,AMS,8,6,2103,2103,32.9,77.5,2019.39,72.2,54.8,131.8,,-17.4,-454.41,38.39,29.12,63.88
46010,ORG Dark Chocolate 10 Ct Tea Bag/6 Count Case,Maisa 2+3,9,9,4531,4531,33.8,169.2,4409.35,186.7,169.2,110.4,,-17.5,-456.64,26.78,24.27,133.89
TB060,ORG Hazelnut Tea Bag Loose - GA,Maisa 1,8,8,124264,124264,21.8,68.0,1771.82,85.7,68.0,126.1,,-17.8,-462.62,1827.68,1449.28,5708.04
50010,ORG Vanilla Nut 30g Trial Size Packet - GA,WeighRight,5,5,6840,6840,10.0,28.9,751.83,47.0,28.9,162.9,,-18.1,-472.75,237.09,145.56,684.0
TB130,ORG Maca Chocolate Tea Bag - G,Maisa 2+3,6,6,99340,99340,15.2,50.3,1311.34,68.5,50.3,136.2,,-18.2,-474.93,1974.17,1449.28,6535.53
NTB3220,Dandelion Caramel Nut Tagless 6g Tea Bag - A,Maisa 2+3,3,3,73200,73200,15.7,31.4,818.81,50.5,31.4,160.8,,-19.1,-497.43,2329.73,1449.28,4659.45
45001L,Mushroom Adapt Tea Bag Sampler Box,Assembly,13,12,5302,5302,90.7,170.7,4447.92,182.1,155.5,117.1,,-26.5,-691.65,34.09,29.12,58.43
50110,ORG French Roast 30g Trial Size Packet - G,WeighRight,6,6,8405,8405,10.2,30.0,782.32,57.7,30.0,192.3,yes,-27.7,-722.44,279.98,145.56,827.26
43001L,Dandelion Tea Sampler Box - Loose - G,Assembly,17,17,5990,5990,102.0,152.3,3968.94,205.7,152.3,135.1,,-53.4,-1391.52,39.33,29.12,58.7
40001A,AMZN Labeled Herbal Tea Sampler Box/Variety Pack,Assembly,14,14,3960,3960,57.6,57.6,1501.06,136.0,57.6,236.1,yes,-78.4,-2042.75,68.75,29.12,68.75
40001L,Herbal Tea Sampler Box - Loose,Assembly,16,13,7908,7908,101.5,238.4,6214.01,271.6,176.9,153.5,,-94.7,-2467.12,44.71,29.12,77.89
43111,ORG Dandelion Dark Roast 25CT Tea Bag,Maisa 2+3,12,12,49328,49328,37.9,127.0,3310.4,847.0,127.0,666.7,yes,-719.9,-18761.42,388.32,58.24,1303.25
