item,description,primary_machine,scorable_units,2025-01,2025-02,2025-03,2025-04,2025-05,2025-06,2025-07,2025-08,2025-09,2025-10,2025-11,2025-12,2026-01,2026-02,2026-03,2026-04,2026-05,2026-06,2026-07,eff_pct
TB060,ORG Hazelnut Tea Bag Loose - GA,Maisa 1,255492,128.5,,,180.9,115.7,,196.3,,,43.5,86.2,,125.5,,131.4,119.2,,,,121.1
NTB0110,French Roast Tagless 6g Tea Bag - G,Maisa 1,248260,336.7,180.7,,111.2,222.1,,180.2,,102.2,115.2,,357.2,,,,,,,,175.1
TB130,ORG Maca Chocolate Tea Bag - G,Maisa 2+3,229467,189.0,118.6,0.2,185.8,135.5,,64.9,,,,153.0,135.3,135.3,121.3,,100.9,260.4,,,117.2
TB010,ORG Vanilla Nut Tea Bag Loose - GA,Maisa 1,228768,188.7,,97.4,84.3,114.6,,214.3,,,82.9,,,122.8,102.2,159.1,146.3,,,,125.3
NTB3110,Dandelion Dark Roast Tagless 6g Tea Bag,Maisa 2+3,221870,55.8,120.0,,98.7,,151.4,,,81.3,,122.2,112.0,174.9,,,,,,,108.0
NTB3220,Dandelion Caramel Nut Tagless 6g Tea Bag - A,Maisa 2+3,218400,,312.5,,,205.4,,174.8,,109.5,,82.4,,199.0,,140.7,,,,,134.7
TB110,ORG French Roast Tea Bag Loose - G,Maisa 1,203550,299.9,121.1,,90.7,92.7,,301.9,198.6,,,492.9,,64.1,153.3,63.2,,,,95.8,100.4
NTB0010,Vanilla Nut Tagless 6g Tea Bag - GA,Maisa 2+3,202800,75.3,,,,,126.2,,,114.2,,115.8,,157.9,100.2,,,,,,114.9
NTB0060,Hazelnut Tagless 6g Tea Bag - GA,Maisa 2+3,168000,180.0,,184.9,,,117.4,,,136.4,120.8,,184.5,196.1,,,,,,,155.0
TB503,ORG Lion's Mane Rhodiola Loose Tea Bag - G,Maisa 2+3,146131,102.1,,,97.2,81.6,,,,,,134.7,122.2,125.5,25.1,,92.5,,,,70.5
TB502,ORG Chaga Ashwagandha Loose Tea Bag,Maisa 2+3,145228,,,111.1,109.7,146.5,136.8,,,180.0,,94.6,,69.4,,137.5,,,,,113.3
TB505,ORG Turkey Tail Astragalus Loose Tea Bag - G,Maisa 2+3,143165,147.2,160.8,,,106.5,,90.6,,,,,94.7,,90.3,,86.6,,,,105.4
TB322,ORG Dandelion Caramel Nut Tea Bag - A,Maisa 2+3,131266,72.2,89.4,,118.9,,,,,158.2,187.5,,,119.9,,200.6,112.1,,,,112.1
TB311,ORG Dandelion Dark Roast Tea Bag,Maisa 2+3,126965,104.3,,,97.1,,131.8,,,79.5,,,,159.5,,60.5,46.4,,,,83.1
TB334,ORG Dandelion Coconut Tea Bag - A,Maisa 1,126690,,175.9,,68.6,113.8,130.7,41.8,,116.9,,,103.5,74.1,,122.0,132.8,,,,103.9
TB331,ORG Dandelion Mocha Mint Tea Bag - A,Maisa 2+3,122775,102.9,118.4,,143.8,100.4,162.2,127.8,,,127.3,,187.8,119.0,281.6,119.0,,,142.8,,136.1
TB501,ORG Reishi Eleuthero Loose Tea Bag - G,Maisa 2+3,122182,104.9,,,149.1,121.1,,102.9,127.8,77.8,,,227.5,,120.3,,78.8,,,,109.9
TB204,ORG Snickerdoodle Tea Bag - GA,Maisa 2+3,102277,28.3,210.2,,117.9,,144.7,80.9,106.2,,126.0,,,,,,,,,,107.3
TB506,ORG Tremella Tulsi Loose Tea Bag,Maisa 2+3,98736,174.0,103.6,,,107.1,71.3,54.9,65.1,,,,92.7,,,,,98.2,,,90.0
TB504,ORG Cordyceps Schisandra Loose Tea Bag,Maisa 2+3,95493,,188.2,112.2,,164.4,133.5,,,,,,148.1,,,131.2,,,,,141.5
TB332,ORG Dandelion Red Chai Tea Bag,Maisa 1,94792,,166.5,,,,114.8,152.5,,,,,,62.0,,,62.3,,,,95.3
NTB0080,Mocha Tagless 6g Tea Bag - GA,Maisa 2+3,82596,55.2,,,176.8,,,,,,,,,,185.0,191.7,,,,,122.3
TB333,ORG Dandelion Turmeric Tea Bag,Maisa 1,75640,,,,111.9,,143.7,,,,,,124.7,,,134.3,109.9,,,,124.1
TB205,ORG Gingerbread Tea Bag - GA,Maisa 2+3,74820,,,,,,,144.5,108.8,,,,,,,,,,,,126.9
10031,Roasted Chicory Root - 1 Lb Bag,WeighRight,66503,,34.9,,,,,,62.8,,52.4,47.5,48.7,63.7,72.0,106.1,,52.6,41.3,40.5,55.4
TB601,ORG Dark Chocolate Loose Tea Bag,Maisa 2+3,65917,83.5,,,,189.0,107.0,157.5,,,,,,131.0,439.1,,169.1,,,,132.4
43111,ORG Dandelion Dark Roast 25CT Tea Bag,Maisa 2+3,62336,114.0,,,76.5,83.0,,,81.2,43.7,45.7,86.6,86.4,106.2,,2309.4,102.0,,64.3,,259.8
ntb0110,French Roast Tagless 6g Tea Bag - G,Maisa 2+3,44400,,,,,,,,,,,,,178.3,,,,,,,178.3
TB030,ORG Almond Amaretto Tea Bag - GA,Maisa 1,37366,245.6,142.6,,,,118.7,,,,,,,,,83.3,162.6,,,,137.6
TB207,ORG Candy Cane Tea Bag - G,Maisa 2+3,34500,,,,,,,67.3,153.7,66.6,,,,,,,,,,,78.4
47010,75147 TJ ORG Roasted Herbal Cofee (12 Pack) - G,Maisa 2+3,29966,146.1,85.0,84.1,112.5,104.0,110.5,,,100.6,,92.6,118.2,94.0,105.2,,110.3,,103.3,81.9,102.0
43220,ORG Dandelion Caramel Nut 10ct/6pk Tea Bag - A,Maisa 2+3,28459,76.1,124.9,87.6,115.0,114.2,91.5,279.9,,107.1,124.2,75.4,114.5,100.1,114.8,109.7,,70.6,106.5,,106.8
10051,ORG Roasted Chicory Root - 1 Lb Bag,WeighRight,27211,,38.6,,,,,,45.0,,42.7,,68.8,50.7,,58.6,,67.1,35.1,4.0,44.9
46011,ORG Dark Chocolate 25 Ct Tea Bag,Maisa 2+3,24934,125.9,,68.5,93.7,124.9,62.5,82.4,77.6,99.7,72.9,100.6,81.7,104.9,115.0,98.9,99.4,79.6,52.6,44.4,89.5
80110A,AMZN Org French Roast 11OZ Bag/Box of 24 - G,WeighRight,24552,,113.6,343.5,,95.1,,,137.4,127.3,,122.6,163.0,141.5,118.9,,129.2,95.4,99.9,83.3,122.7
83110L,ORG Dandelion Dark Roast 10 oz Bag/Box of 24,WeighRight,22983,114.5,,,127.9,105.7,64.4,78.2,105.2,146.9,116.6,101.5,128.9,128.1,101.5,126.2,,86.8,101.1,90.6,105.5
43110,ORG Dandelion Dark Roast 10ct/6pk Tea Bag,Maisa 2+3,20895,94.3,81.9,,82.5,90.6,77.8,,74.1,79.1,85.9,78.8,73.9,34.8,117.3,77.1,97.7,,,51.0,76.8
43001L,Dandelion Tea Sampler Box - Loose - G,Assembly,20807,127.9,,117.4,,999.5,272.0,,147.4,,,123.0,108.6,,88.4,407.2,173.3,,297.5,155.0,141.7
40001L,Herbal Tea Sampler Box - Loose,Assembly,20738,101.9,231.3,214.4,,,,,,,135.4,105.7,143.5,143.4,144.3,,190.7,,,,153.8
45020,ORG Chaga Ashwagandha 10 Ct Tea Bag/6 Count Case,Maisa 2+3,19566,137.4,96.2,93.7,103.3,118.5,,90.5,93.8,101.8,103.8,55.1,61.8,71.9,91.0,100.7,94.7,,105.6,80.6,89.0
80110L,Org French Roast 11oz Bag/Box of 24 - G,WeighRight,17993,104.7,,176.7,73.3,114.5,,99.8,,154.7,162.5,,108.2,113.6,,,138.4,112.1,121.2,,117.3
45001L,Mushroom Adapt Tea Bag Sampler Box,Assembly,17654,254.0,214.0,123.9,,156.0,,236.3,,,143.1,633.4,101.2,,68.9,127.1,,208.3,,188.9,139.3
50110,ORG French Roast 30g Trial Size Packet - G,WeighRight,17323,118.6,,,106.3,148.1,107.5,135.1,,133.7,,,,200.9,,143.4,203.2,,,597.4,151.9
55020,Chaga Ashwagandha 30g Trial Size Packet,WeighRight,17086,159.6,132.0,,146.2,143.6,114.0,,173.0,,,,227.2,,175.4,133.4,135.6,,,,143.8
TB337,ORG Blueberry Vanilla Tea Bag,Maisa 1,16733,,62.0,,,,,,,,,,,,178.5,105.4,,,,,96.2
85070L,ORG Miraculous Mushrooms A&P 10oz Bag/Box of 24,WeighRight,16179,,,,111.5,114.9,,,164.1,146.6,113.5,150.6,142.7,188.7,125.0,118.0,117.4,120.5,156.4,71.1,122.3
10013,"ORG Hibisicus, 8 Oz Bag",AMS,15932,,,,,,,,,,,154.5,228.2,135.8,51.0,49.1,81.7,102.1,67.4,85.6,79.3
86010L,ORG Dark Chocolate 10 Oz Bag/Box of 24,WeighRight,15862,63.3,,145.5,103.8,,90.1,107.5,157.9,81.5,127.2,120.9,120.1,136.6,118.0,109.4,,,,60.9,104.4
50060,ORG Hazelnut 30g Trial Size Packet - GA,WeighRight,15840,,,,82.2,130.9,,,155.5,160.4,119.5,154.8,,,131.9,168.9,118.6,,,,134.2
40010,ORG Vanilla Nut 10ct/6pk Tea Bag - GA,Maisa 2+3,15736,130.4,108.7,100.0,120.1,,109.0,109.7,,98.8,102.9,104.5,90.9,73.0,98.1,109.3,82.9,,,,104.5
TB080,ORG Mocha Tea Bag - GA,Maisa 1,15500,,107.8,,,,,,,106.2,,,,,,,121.9,,,,113.9
43221,ORG Dandelion Caramel Nut 25CT Tea Bag - A,Maisa 2+3,15173,,132.8,123.0,116.0,89.8,,,,109.4,94.7,,101.0,,87.1,110.4,91.3,,76.5,,99.6
80060L,Org Hazelnut 11OZ Bag/Box of 24 - GA,WeighRight,14972,92.1,,156.5,124.9,118.8,97.8,,122.3,91.6,145.7,,165.6,149.5,132.1,,,,130.4,,126.4
40111,ORG French Roast 25CT Tea Bag - G,Maisa 1,14824,93.6,105.1,,107.6,,,,122.9,74.6,153.8,114.3,84.8,69.8,103.0,105.5,,53.2,70.5,,93.4
TB507,ORG Miraculous Mushroom A&P Loose Tea Bag,Maisa 2+3,14459,,,,218.2,257.2,,,,,,,,,,,,113.1,,46.0,171.4
46010,ORG Dark Chocolate 10 Ct Tea Bag/6 Count Case,Maisa 2+3,13495,107.0,131.6,,102.2,107.0,101.8,103.4,64.6,,69.6,71.1,65.9,93.2,113.5,91.5,143.8,,,,96.9
56010,Dark Chocolate 30g Trial Size Packet,WeighRight,13223,103.9,,101.2,118.9,,82.4,,,,,,,156.5,123.0,143.5,,,,,115.4
48003,WWB ORG Lemon Balm 25ct Tea Bag 2.25g,Maisa 1,12734,105.3,,82.8,81.2,,,,,,,,,,75.5,88.1,,93.3,,,84.3
85020L,ORG Chaga Ashwagandha 10 Oz Bag/Box of 24,WeighRight,12626,100.1,77.2,280.0,115.1,,95.4,,133.4,,120.5,72.9,,116.8,122.1,,,,,105.0,101.5
42071,ORG Candy Cane 25ct Tea Bag - G,Maisa 2+3,12419,,,,,,,60.8,1651.0,,,,,,,,,,,,769.5
40001A,AMZN Labeled Herbal Tea Sampler Box/Variety Pack,Assembly,12331,146.2,,152.5,73.4,120.7,,186.9,,,,,,181.4,250.9,,173.0,271.9,,,151.0
TB211,ORG French Vanilla Tea Bag - G,Maisa 2+3,12000,,,,,,,,,,,146.8,,,,,,,,,146.8
80010L,Org Vanilla Nut 11OZ Bag/Box of 24 - GA,WeighRight,11528,118.4,128.7,150.8,165.5,111.5,,,127.2,160.3,124.6,,138.0,134.7,4.9,,,,197.9,,120.9
50070,ORG Java 30g Trial Size Packet - GA,WeighRight,11442,,,,164.9,129.3,,,164.9,,,,,168.2,,131.4,141.4,,,,142.6
50080,ORG Mocha 30g Trial Size Packet - GA,WeighRight,11378,115.8,105.0,,,,,,137.2,,79.5,177.5,177.9,167.1,,,,148.3,,,130.6
46010L,ORG Dark Chocolate 10 Ct Tea Bag/36 Count Box,Maisa 2+3,11194,197.9,234.7,,,,,,,,65.4,,59.8,140.7,87.6,222.6,138.8,,62.5,89.7,109.0
80010A,AMZN Org Vanilla Nut 11OZ Bag/Box of 24 - GA,WeighRight,11184,,,122.1,,85.9,,162.5,148.5,173.9,151.9,133.6,219.8,131.9,,105.7,,,112.2,,127.3
TB308,ORG Dandelion Mocha Tea Bag - A,Maisa 2+3,11000,,,,,,146.8,,,,,,,,,320.9,,,,,242.5
50010,ORG Vanilla Nut 30g Trial Size Packet - GA,WeighRight,10800,,,,,,,,,168.9,144.6,,,,174.2,159.8,161.5,,,,159.8
TB301,ORG Dandelion Vanilla Nut Tea Bag - A,Maisa 1,10570,172.5,,,,,,135.8,,,,,,,128.5,,,,,,142.4
80040L,ORG Blood Orange 11OZ Bag/Box of 24 - GA,WeighRight,10359,92.0,,,,110.9,,,,,126.4,,,,,117.6,31.7,,,,99.9
53110,Dandelion Dark Roast 30g Trial Size Packet,WeighRight,10305,,,,,,,,,,,149.0,177.9,141.5,,143.0,,,,,147.1
TB201,ORG Pumpkin Spice Tea Bag - GA,Maisa 2+3,10000,,,,,,,154.7,,,,,,,,,,,,,154.7
45021,ORG Chaga Ashwagandha 25 Ct Tea Bag,Maisa 2+3,9786,,,93.7,94.3,,85.7,,,,115.3,,88.3,,100.3,109.6,,,70.9,,91.9
80080L,Org Mocha 11OZ Bag/Box of 24 - GA,WeighRight,9667,112.6,,,103.4,,92.4,,135.3,133.4,237.7,117.5,123.1,203.6,,,,,,126.5,112.6
10039A,AMZN Roasted French Chicory 2 X 1 Lb Bag,WeighRight,9648,,42.1,,,,,,,83.6,43.6,47.2,56.1,66.3,52.4,52.3,,35.2,36.5,,45.5
80070A,AMZN Org Java 11OZ Bag/Box of 24 - GA,WeighRight,9618,81.9,,134.2,117.8,219.8,,134.7,89.0,203.0,,,125.8,,134.0,120.5,,,,,121.6
TB120,DO NOT MAKE ORG Maya Chai Tea Bag - G,Maisa 1,9305,,,,,99.1,,,,,,,,,,,,,,,99.1
10042,ORG Burdock 1 Lb Bag,WeighRight,9243,,,,,,,,180.1,83.6,,138.0,115.1,,289.8,38.7,131.1,223.9,,107.6,124.6
80110,ORG French Roast 11OZ Bag/6 Count Case - G,WeighRight,9237,105.9,,82.2,118.1,113.2,,92.0,103.8,130.7,123.4,116.5,113.9,78.4,109.3,31.1,176.3,83.3,109.3,,94.3
45030,ORG Lion's Mane Rhodiola 10 Ct Tea Bag/6 Count Case - G,Maisa 1,9230,102.7,102.8,,86.4,93.8,81.6,,,93.7,85.6,60.5,104.1,100.7,148.8,87.0,,73.4,,,93.4
TB202,ORG Caramel Nut Tea Bag - GA,Maisa 1,9069,,,,61.5,132.4,,,,,,,,,,,,,,,116.5
55050,Turkey Tail Astragalus 30g Trial Size Packet - G,WeighRight,9046,,,,118.3,,127.1,154.3,,103.4,,,176.0,163.8,,,139.2,,,,138.7
TB020,ORG Chocolate Mint Tea Bag - GA,Maisa 1,9011,,,,,,158.6,165.9,,,,,,,,0.1,,,,,57.7
TB208,ORG Irish Cream Tea Bag - G,Maisa 2+3,9000,,,,99.1,,,,,,,89.7,,,,,,,,,92.1
10006A,WWB AMZN Organic Lemon Balm (6 Oz) ,AMS,8806,,,,,,,,,,,,,56.3,63.7,,48.9,,43.8,34.6,51.8
85050L,ORG Turkey Tail Astragalus 10 Oz Bag/Box of 24 - G,WeighRight,8800,100.7,,,50.3,114.5,98.9,90.4,,141.5,,118.8,,4.8,,97.7,115.1,,,,79.4
40060,ORG Hazelnut 10ct/6pk Tea Bag - GA,Maisa 1,8485,110.5,,123.9,,97.2,,128.1,,125.7,,71.2,66.1,117.0,95.7,122.6,111.5,65.5,,,100.9
40011A,ORG 25 CT Vanilla Nut AMZN - GA,Maisa 2+3,8304,,119.4,84.8,104.5,,110.7,,,73.3,73.2,69.6,93.2,71.2,,123.2,,,,,85.1
43311,Dandelion Mocha Mint 25 Count Tea Bag - A,Maisa 1,8113,106.9,75.5,61.0,,73.2,,55.8,49.1,46.4,63.8,,65.2,96.7,,,72.8,,,,69.3
40031,ORG Almond Amaretto 25CT Tea Bag - GA,Maisa 2+3,8058,105.3,,64.8,,,,146.4,,126.8,,,95.8,,81.5,114.5,167.7,,,,106.2
80060A,AMZN Org Hazelnut 11OZ Bag/Box of 24 - GA,WeighRight,7887,,5.0,,,88.1,,,80.8,111.4,101.0,,,128.3,,,89.2,,185.7,,89.5
80030L,ORG Almond Amaretto 11OZ Bag/Box of 24 - GA,WeighRight,7771,103.3,,,77.3,112.2,,,116.0,,,,65.1,121.1,,,84.6,,47.2,122.1,89.7
10071,AMZN - WWB - ORG Roasted Barley - 1 Lb - G,AMS,7721,,,,,131.2,,117.2,,,182.0,137.0,,171.0,56.9,91.3,,,,,97.6
10005A,WWB AMZN Organic Chia (1lb),AMS,7696,51.7,,,,,,,,,,,,31.6,44.1,68.7,,69.6,,,51.5
43341,Dandelion Coconut 25 Count Tea Bag - A,Maisa 1,7656,125.2,,,89.5,,65.7,,41.6,142.4,,134.0,74.6,95.7,102.2,105.7,100.2,,,,96.3
80070L,Org Java 11OZ Bag/Box of 24 - GA,WeighRight,7650,120.5,,,127.1,90.8,105.3,109.9,,,,,,,64.1,163.4,,,,238.2,113.9
43220L,Org Dandelion Caramel Nut 10 Ct Tea Bag Loose - A,Maisa 2+3,7521,35.2,123.7,98.3,,,,155.5,,173.6,,,191.8,,37.8,90.6,479.6,,,,95.5
40130,ORG Maca Chocolate 10ct/6pk Tea Bag - G,Maisa 2+3,7378,133.2,115.0,,,106.3,,81.4,,95.2,,109.5,76.1,89.6,110.4,,36.9,99.5,,,102.8
80030A,AMZN Org Almond Amaretto 11OZ Bag/Box of 24 - GA,WeighRight,7368,,,,98.9,176.3,53.7,,215.1,157.0,81.8,,,124.3,,120.6,,,,824.4,116.1
40132,ORG Maca Chocolate 25CT Tea Bag - G,Maisa 2+3,7271,206.0,140.1,50.3,92.3,,54.4,83.1,,,67.7,114.6,161.8,95.1,140.2,,261.9,91.2,,,96.9
50130,ORG MACA Chocolate 30g Trial Size Packet - G,WeighRight,7200,,,,,,99.6,,,174.2,,164.9,,173.0,,,176.7,,,103.5,134.3
40110,ORG French Roast 10 Count Tea Bag - G,Maisa 1,6912,107.0,110.5,,101.7,154.5,,121.3,,83.4,,66.8,162.6,,,99.6,,75.7,,86.1,100.8
10027,Organic Licorice C/S - 8 Oz Bag,WeighRight,6879,,,,,,,,227.1,,136.1,199.1,187.4,128.0,157.4,,69.2,,,,143.7
82060L,ORG Maple Pecan 11OZ Bag/Box of 24 - GA,WeighRight,6873,60.5,,151.1,146.6,,,117.3,197.9,179.3,133.2,50.9,,,245.2,,,93.2,,99.9,98.7
43310,ORG Dandelion Mocha Mint 10CT Tea Bag - A,Maisa 1,6831,110.9,82.5,,92.0,91.5,82.7,,,,87.1,,85.7,82.1,134.8,106.5,,,70.8,,91.3
55070,ORG Miraculous Mushrooms A+P 30g Trial Size Packet,WeighRight,6708,,,,110.8,,,,,,,,,,,148.4,,,107.5,,120.1
TB336,ORG Holiday Egg Nog Tea Bag,Maisa 1,6700,,,,,,,77.1,,,,,,,,,,,,,77.1
12251L,Holiday Tea Bag Sampler Box ,Assembly,6604,,,,125.1,,216.1,162.1,156.3,140.2,,273.3,,,,,,,310.2,247.2,168.2
55010,Reishi Eleuthero 30g Trial Size Packet - G,WeighRight,6465,,,,81.4,226.9,194.2,161.6,,,,,164.9,,,,151.1,,,,153.3
83220L,Dandelion Caramel Nut 10 Oz Bag/Box of 24 - A,WeighRight,6416,79.9,,,111.1,99.3,,,,,,98.9,114.8,143.6,113.6,,190.2,,169.7,206.1,112.0
43340,ORG Dandelion Coconut 10CT Tea Bag - A,Maisa 1,6385,102.9,114.3,,,107.0,90.3,,,170.4,81.7,,95.7,86.3,,99.4,116.9,,115.3,,104.4
10008,"Org Rooibos, 8 Oz Bag",WeighRight,6291,,,,,,,,,,,,18.4,208.7,172.7,80.6,,52.1,,91.7,50.8
TB206,ORG Maple Pecan Tea Bag - GA,Maisa 1,6230,,150.8,,,85.6,,,,,,,,,,,,,,,102.3
40116,French Roast Tagless Tea Bag - 50 Ct - G,Assembly,6099,60.7,173.3,,83.0,,351.6,,,90.9,,136.3,105.0,125.4,,,,,79.6,,101.3
80130L,Org Maca Chocoate 11oz Bag/Box of 24 - G,WeighRight,6045,114.3,189.9,,108.2,,111.7,,,219.8,,,117.5,151.8,130.9,,,,,197.9,133.0
10201,WWB - ORG Peppermint Leaf - 4 Oz Bag,AMS,6045,,,,,,,,,,,,,51.4,50.6,62.1,53.5,60.8,,,54.9
80010,ORG Vanilla Nut 11oz Bag/6 Count Case - GA,WeighRight,5953,89.0,90.3,,77.1,98.9,,,123.9,128.6,,,,,127.9,109.5,119.5,107.2,,101.3,108.3
80113,ORG French Roast 11OZ Bag 3PK - G,WeighRight,5936,88.4,,116.3,,131.2,,,149.8,215.2,,,169.0,107.7,158.9,111.3,151.5,109.1,377.7,78.0,130.0
TGB601,ORG Dark Chocolate Tea Bag Goody Bag,Assembly,5700,31.9,63.9,,19.7,,17.9,,,11.0,,119.0,,,,11.5,12.5,29.5,,34.5,21.6
10012,"ORG Lemon Grass, 7 Oz Bag",AMS,5520,,,,,,,,,,,,,,51.7,,,,,54.1,52.6
TGB502,Chaga Ashwaganda Tea Goody Bag,Assembly,5495,17.5,69.0,,22.1,24.8,,,10.1,,,3.7,,,23.3,14.4,17.7,8.1,,24.8,12.9
45051,ORG Turkey Tail Astragalus 25 Ct Tea Bag - G,Maisa 2+3,5484,115.0,158.5,71.9,,124.3,,,,,,,64.0,,78.7,,198.7,,,,92.8
10022,ORG Raw Dandelion1 Lb Bag,AMS,5457,,,,,,,,,175.6,202.0,210.7,,,,72.3,68.0,24.5,,,88.8
45020F,Chaga Ashwagandha Dual Language 10 cnt TB,Maisa 2+3,5452,123.1,98.4,,132.6,183.7,,124.3,,111.9,75.6,58.0,103.6,,109.5,137.6,,,60.8,,102.8
40061,ORG Hazelnut 25CT Tea Bag - GA,Maisa 1,5376,,,,,,102.4,,,,56.3,90.0,,,87.9,121.2,104.7,,,,91.7
85010L,ORG Reishi Eleuthero 10 Oz Bag/Box of 24 - G,WeighRight,5369,71.7,,,89.1,71.1,,85.1,,,118.3,,329.8,,97.0,101.6,329.8,,,97.7,98.6
43116,Dandelion DarkRoast Tagless Tea Bag - 50 Ct,Assembly,5298,103.7,,201.5,49.0,134.1,78.4,,,102.9,,49.7,,111.3,,98.2,,,,7.5,86.0
80060,ORG Hazelnut 11OZ Bag/6 Count Case - GA,WeighRight,5292,88.5,109.2,146.3,57.7,110.1,,88.5,,77.8,122.0,,124.9,,98.7,101.4,92.8,,,100.9,99.1
45031,ORG Lion's Mane Rhodiola 25 Ct Tea Bag - G,Maisa 1,5208,113.5,109.8,68.7,82.3,,,,,27.8,73.8,,19.2,111.5,6.7,55.7,201.0,,,,57.8
40131,ORG Mexican Chocolate 25CT Tea Bag - G,Maisa 2+3,5142,110.4,,64.6,,68.7,,248.8,,107.0,,112.8,62.9,101.7,97.0,,,,94.5,,99.6
80020L,ORG Chocolate Mint 11OZ Bag/Box of 24 - GA,WeighRight,5074,,131.6,,,135.8,,,109.5,,,,179.9,,,,133.0,,,,140.7
10019,ORG Astragalus 8 Oz Bag,WeighRight,5001,,,,,,,,166.1,,,135.7,133.6,,184.0,,,87.2,,,125.0
TB050,ORG English Toffee Tea Bag Loose - GA,Maisa 1,5000,,,,,,,,,104.5,,,,,,,,,,,104.5
TB603,ORG Mango Lemon Balm Loose Tea Bag - G,Maisa 1,5000,,112.7,,,,,,,,,,,,,,,,,,112.7
10059A,AMZN ORG French Chicory 2 X 1 Lb Bag,WeighRight,4968,,40.4,,,,,,,76.2,62.1,,64.9,56.4,,52.8,,,29.9,58.0,53.8
45071,ORG Miraculous Mushroom A&P 25 Ct Tea Bag,Maisa 1,4915,,,,131.3,124.8,,,,,,69.7,119.4,,324.5,110.0,,39.2,,,94.8
43226,Dandelion Caramel Nut Tagless Tea Bag - 50 Ct - A,Assembly,4820,,129.9,,,,175.9,,,144.4,,76.3,,200.4,,100.0,101.6,,129.3,,122.1
80116A,French Roast 500g APG Bag - G,WeighRight,4728,,111.0,110.4,,,109.3,,,171.7,,,,168.5,183.1,,,,,,136.8
43310L,Org Dandelion Mocha Mint 10 Ct Tea Bag Loose - A,Maisa 2+3,4562,,134.9,,,,,,,,96.0,,,127.8,,128.9,86.6,224.8,,,121.2
43081,ORG Dandelion Mocha 25CT Tea Bag - A,Maisa 2+3,4535,100.8,57.7,,,,107.9,,,10.3,63.1,,,,90.7,149.8,474.1,,,,56.5
42041,Snickerdoodle 25CT Tea Bag - GA,Maisa 1,4527,24.7,130.4,139.4,107.9,111.4,,,,48.0,103.9,,97.3,,84.4,,116.3,,,,93.6
80080,ORG Mocha 11OZ Bag/6 Count Case - GA,WeighRight,4481,132.2,86.6,,117.5,,95.2,,205.7,160.0,127.5,,144.3,124.9,135.6,100.9,92.5,74.7,,131.6,115.3
80089A,AMZN ORG Raspberry Mocha 11OZ Bag/Box of 24 - GA,WeighRight,4464,114.8,,,,109.9,4.4,,,121.6,,,267.4,20.0,,,,,,,32.2
40001,Herbal Tea Sampler Box - 6 Count Case,Assembly,4435,27.8,31.5,34.9,,45.5,59.2,,28.5,,,28.3,,,29.2,12.5,25.9,,28.0,,27.8
45050,ORG Turkey Tail Astragalus 10 Ct Tea Bag/6 Count Case - G,Maisa 2+3,4403,144.0,,,,79.4,,112.2,,,,64.5,62.8,,102.9,123.9,90.0,,,,93.3
83340L,ORG Dandelion Coconut 10 Oz Bag/Box of 24 - A,WeighRight,4353,,162.4,,100.8,,90.5,,89.1,,,230.1,97.9,132.9,,135.0,183.2,,,,123.1
40081,ORG Mocha 25CT Tea Bag - GA,Maisa 2+3,4326,,88.1,,98.5,,98.9,,,,94.0,73.4,,88.4,,118.8,643.9,,,,100.6
10402A,AMZN- WWB-ORG Rama Tulsi - 8 OZ Bag,AMS,4296,,,,,,,,,,,,,33.8,55.6,40.8,,24.9,,,37.7
45020L,ORG Chaga Ashwagandha 10-Ct Tea Bag,Maisa 2+3,4284,164.9,93.1,,,132.1,,,,147.3,,137.9,,,,79.5,,,,,119.9
45001,Mushroom Adaptogen TB Sampler Box - 6 Count Case - G,Assembly,4253,32.6,25.6,14.5,412.1,41.7,43.2,34.8,19.7,,,25.3,11.6,13.2,,15.9,59.0,11.0,28.3,,20.4
40066,Hazelnut Tagless Tea Bag - 50 Ct - GA,Assembly,4245,,97.1,95.7,,,255.1,,,98.1,,163.6,,207.5,165.1,,,90.1,,,140.4
40011,ORG Vanila Nut 25CT Tea Bag - GA,Maisa 2+3,4200,,,159.9,114.1,,,111.0,,,84.2,,81.1,,,107.7,51.0,,,,89.9
10101,WWB - ORG Medium Roasted Carob Flour - 1 Lb Bag,AMS,4176,,,,,,,,,,,,,23.8,,58.0,48.5,,,,34.1
48004,WWB ORG French Chicory 25ct Tea Bag,Maisa 1,4168,79.6,,,,59.6,,133.0,55.2,,61.0,,,,94.5,83.7,,,,,75.9
80066A,Hazelnut 500g APG Bag - GA,WeighRight,4164,80.5,118.7,244.1,,,107.9,124.8,,,,,110.7,,132.9,,,,,,118.2
80080A,AMZN Org Mocha 11OZ Bag/Box of 24 - GA,WeighRight,4104,,,,,,155.3,,247.3,134.7,,136.2,,,,126.3,,,,86.0,133.1
10035,Chicory 5 Lb Bag,WeighRight,4027,,,42.0,56.6,49.9,,,50.9,70.9,43.4,,56.4,,59.3,,,58.6,33.4,,51.1
82130L,ORG Mexican Chocolate 11OZ Bag/Box of 24 - G,WeighRight,3990,,161.6,,117.3,,,127.6,,197.3,,,,90.7,134.9,,98.9,,,135.7,119.0
30003,Instant Chicory - 8 Oz Bag,AMS,3967,,,,,,,,,,,,,38.8,,,,,,41.4,39.3
85030L,ORG Lion's Mane Rhodiola 10 Oz Bag/Box of 24 - G,WeighRight,3961,66.9,,,88.6,,107.8,,,110.7,,,,91.0,,,,,,,90.2
TGB322,Dandelion Caramel Nut Tea Bag Goody Bag - A,Assembly,3925,21.1,,32.5,29.8,34.5,,,,23.8,,,,,28.7,11.5,31.4,14.1,,,23.9
40016,Vanilla Nut Tagless Tea Bag - 50 Ct - GA,Assembly,3920,96.3,,,,,373.7,,,70.5,,77.3,113.2,169.1,116.1,,101.0,,,,113.7
50030,Almond Amaretto 30g Trial Size Packet - GA,WeighRight,3897,,116.1,,,,122.9,,,,,,,118.9,,,87.0,,,,109.6
42061,ORG Maple Pecan 25CT Tea Bag - GA,Maisa 1,3854,,128.5,,,101.3,,,,56.5,76.3,99.5,,75.9,104.3,,,,,,89.2
30008L,ORG Instant French Roast 100g Bag - G,AMS,3845,,,,,,,,,,,,,60.8,,60.1,63.5,,107.2,117.1,74.8
53220,Dandelion Caramel Nut 30g Trial Size Packet - A,WeighRight,3780,,,,,,,160.6,,,,,,,,,147.6,,,,151.1
80050L,ORG English Toffee 11oz Bag/Box of 24 - GA,WeighRight,3765,,,,61.1,112.1,,,,124.9,,,,52.0,,227.0,,,130.3,,102.0
85020,ORG Chaga Ashwagandha 10 Oz Bag/6 Count Case,WeighRight,3760,98.7,95.6,,110.7,98.0,,,138.0,114.0,263.0,,123.9,,143.6,74.5,90.5,,87.6,,106.3
45070,ORG Miraculous Mushrooms A&P 10Ct/6Pk Tea Bag,Maisa 1,3722,,,,,,,99.0,,110.5,119.7,88.5,115.8,83.9,114.4,99.8,136.4,,,90.1,103.5
40061A,ORG 25 CT Hazelnut AMZN - GA,Maisa 1,3648,,112.7,,117.7,,,108.9,,,48.0,,,,,,,,,,89.3
40021,ORG Chocolate Mint 25CT Tea Bag - GA,Maisa 1,3579,,117.5,,,124.1,121.6,,,,82.4,,63.5,103.9,114.5,,44.1,,,,85.8
45030F,Lion's Mane Rhodiola Dual Language 10 cnt TB - G,Maisa 1,3557,113.8,123.9,,70.4,85.2,,,,29.5,75.6,84.6,74.8,,90.5,,,,,,82.2
40110L,Org French Roast 10 Ct Tea Bag Loose - G,Maisa 1,3540,210.5,120.8,,113.6,,,,,,,,,,,,123.3,,,,125.4
50096,Top Six Packet Sampler pack,Assembly,3538,74.5,,,49.8,48.8,,77.1,49.1,64.5,,,183.4,,,,85.3,,89.2,,74.9
42040,ORG Snickerdoodle 10ct/6pk Tea Bag - GA,Maisa 2+3,3537,55.1,138.9,62.8,86.0,103.1,119.2,,,,58.0,,,147.2,89.1,130.6,,,,,93.4
42011,ORG Pumpkin Spice 25CT Tea Bag - GA,Assembly,3532,,,,,,,95.8,,116.2,,108.7,,,,,,42.8,35.7,,66.7
83080L,ORG Dandelion Mocha 10 Oz Bag/Box of 24 - A,WeighRight,3502,,91.6,,,,,97.0,88.3,239.3,,144.5,,,,99.3,,,116.9,,115.9
43110A,AMZN Org Dandelion Dark Roast 10 Ct Tea Bag Loose,Maisa 1,3384,215.1,42.5,,67.3,,,,,,83.6,,48.4,,,,169.6,,,35.3,60.9
40071,ORG Java 25CT Tea Bag - GA,Maisa 2+3,3326,,,,,,34.3,140.9,,,,,,90.0,,200.2,412.1,63.9,,60.6,92.5
42080,ORG Irish Cream 10ct/6pk Tea Bag - G,Maisa 1,3311,102.9,,192.3,87.7,,97.7,105.3,94.7,,,,87.0,,116.6,,90.8,84.7,,,95.0
53080,Dandelion Mocha 30g Trial Size Packet - A,WeighRight,3271,,,,,135.6,,,,112.4,,,,,,,142.1,,,,129.1
45010,ORG Reishi Eleuthero 10 Ct Tea Bag/6 Count Case - G,Maisa 2+3,3252,,,60.6,104.5,68.7,84.8,113.2,63.1,,,,,,88.6,,93.5,,,,89.0
50089,ORG Raspberry Mocha 30g Trial Size Packet - GA,WeighRight,3240,,,,,,,,,,,,257.6,121.8,,,138.2,,,,155.2
53340,Dandelion Coconut 30g Trial Size Packet - A,WeighRight,3240,,,,,,,101.8,,,,,,,,,148.1,,,,128.6
10044,AMZN- WWB-ORG Hibiscus - 1 Lb Bag,AMS,3233,,,,,,,,,,,,,112.7,16.2,,56.6,29.6,39.3,55.4,42.6
30013L,ORG Miraculous Mushrooms Cacao 135g Bag,AMS,3208,,,,,,,,,,,,,25.2,,55.0,70.8,,79.9,,43.2
43110F,Dandelion Dark Roast Dual Language 10ct/6pk Tea Bag,Maisa 2+3,3177,81.2,79.6,,,40.2,50.3,,102.2,,163.7,64.4,,,139.4,,37.4,,,,60.0
80013,ORG Vanilla Nut 11oz Bag 3PK - GA,WeighRight,3136,,288.0,,230.5,123.8,,,129.8,106.9,,87.9,160.4,122.1,,55.9,124.1,82.1,23.0,,114.8
TGB507,ORG Miraculous Mushroom AP Tea Bag Goody Bag,Assembly,3135,,,,,,56.6,11.5,22.1,,,,,,21.6,11.5,,11.5,,,22.2
10024,ORG Lavender 4 Oz Bag - 79523910024,AMS,3096,,,,,,,,,,,,,63.0,58.8,,,113.8,,,67.9
53010,Dandelion Vanilla Nut 30g Trial Size Packet - A,WeighRight,3060,132.1,,,,142.1,,,,,,,,,,,,,,,139.0
TB070,ORG Java Tea Bag - GA,Maisa 1,3000,,,,,,,,,,,,,,,,160.5,,,,160.5
40051,Org English Toffee 25-Ct Tea Bag - GA,Maisa 1,2954,,,,122.3,116.1,,,,,63.0,,,,,105.7,,,,,91.4
52060,Maple Pecan 30g Trial Size Packet - GA,WeighRight,2941,,,,,,,,,,,,155.5,,,,147.0,,,,150.0
TGB110,ORG French Roast Tea Bag Goody Bag - G,Assembly,2930,,,,,,13.6,,23.4,71.9,,69.0,,,,,15.7,,,33.8,23.3
55030,Lion's Mane Rhodiola 30g Trial Size Packet - G,WeighRight,2880,,,,218.9,,,,,,,,,,,117.8,,,,,142.4
30007L,ORG Instant Miraculous Mushrooms AP 100g Bag,AMS,2854,,,,,,,,,,,,,110.7,75.5,,73.0,,61.6,,77.6
42081,ORG Irish Cream 25Ct Tea Bag Box - G,Maisa 2+3,2818,135.3,,,180.9,,100.2,115.4,,,,125.9,115.9,,,,71.7,101.7,,,110.1
82110L,ORG French Vanilla 11OZ Bag/Box of 24 - G,WeighRight,2790,117.7,,,,,,,,,,,,151.6,114.3,,,,,164.2,132.6
43340L,Org Dandelion Coconut 10 Ct Tea Bag Loose - A,Assembly,2776,176.7,,197.9,,,179.2,,,,,116.5,,,30.3,117.8,,,,29.7,78.2
45011,ORG Reishi Eleuthero 25 Ct Tea Bag - G,Maisa 2+3,2712,34.9,79.8,,97.6,,,,,79.0,,,58.0,,82.4,,138.6,,,,78.4
10061A,AMZN - WWB - ORG Date Sugar - 1 Lb,AMS,2671,,,,,,,,,,,,,34.3,33.1,47.4,,,,,40.4
40030L,ORG Almond Amaretto 10ct Tea Bag Individual Unit- GA,Maisa 1,2660,,,,86.0,,,79.8,,,,,89.8,,23.4,125.9,,,,,71.2
82010L,ORG Pumpkins Spice 11oz Bag/Box of 24 - GA,WeighRight,2655,,,,,,,,,140.1,204.8,143.9,,,,,,,,,149.6
80063,ORG Hazelnut 11OZ Bag 3PK  - GA,WeighRight,2624,98.4,,,,97.1,,,,132.6,118.8,,199.8,,114.4,78.2,154.2,,,,118.3
83116,Dandelion Dark Roast 500g APG Bag,WeighRight,2556,83.8,,,,122.6,,,,79.8,,123.6,,,,,,,,98.9,95.0
42111,ORG French Vanilla 25CT Tea Bag - G,Assembly,2552,,,,,41.2,,,,106.6,,,144.1,,115.2,,,,50.7,,88.7
40130L,Org Maca Chocolate 10 Ct Tea Bag Loose - G,Maisa 2+3,2536,217.6,122.4,,,,,,,,,,,,213.4,,198.6,,,,167.5
TGB311,ORG Dandelion Dark Roast Tea Bag Goody Bag,Assembly,2525,29.2,,,25.0,,,,14.5,,,,,,43.1,10.3,17.5,22.0,,,20.2
53310,Dandelion Mocha Mint 30g Trial Size Packet - A,WeighRight,2520,,,,,,,,,,,155.5,,,,,138.0,,,,145.0
10401A,AMZN-WWB-ORG Krishna Tulsi- 8OZ Bag,AMS,2520,,,,,,,,,,,,,36.9,39.8,,,,,,38.3
45030L,ORG Lion's Mane Rhodiola 10-Ct Tea Bag - G,Maisa 2+3,2490,,62.3,,,,,,,186.7,,,,206.1,,202.3,,,,,105.3
80130A,AMZN Org Maca Chocolate 11OZ Bag/Box of 24 - G,WeighRight,2482,,172.7,52.8,4.7,,,201.9,,,,,115.2,115.2,,,99.9,,,,102.0
43321,Dandelion Red Chai 25 Count Tea Bag,Maisa 1,2434,,125.8,59.7,,,,,,71.7,,,107.4,66.5,,,,,,,73.9
30011L,ORG Instant Mocha 100g Bag - G,AMS,2433,,,,,,,,,,,,,61.7,62.2,87.0,,,,,68.8
80016,Vanilla Nut 500g APG Bag - GA,WeighRight,2376,72.7,,,,,86.4,,,145.4,104.5,,,,,,,,,114.1,95.2
43011,ORG Dandelion Vanilla Nut 25CT Tea Bag - A,Maisa 1,2366,180.7,54.1,,,,,,,56.5,53.8,,,58.3,64.2,,103.9,,,,68.4
86010,ORG Dark Chocolate 10 Oz Bag/6 Count Case,WeighRight,2345,81.3,,,102.0,114.9,,75.0,,118.3,,,,199.8,121.3,131.8,124.9,,105.9,92.4,100.8
55060,Tremella Tulsi 30g Trial Size Packet,WeighRight,2340,119.5,,,,,,116.7,121.8,,,,,,,,,,,,119.9
80140L,ORG Original 10oz Bag/Box of 24 - G,WeighRight,2324,,,,,159.9,76.8,,,,,,,72.0,,,75.1,,,,82.3
48002,WWB ORG Roasted Barley 25ct Tea Bag - G,Maisa 1,2301,78.5,95.3,,84.5,,,,102.7,,86.8,,,,72.6,,,,,,85.3
83370L,ORG Blueberry Vanilla 10 Oz Bag/Box of 24,WeighRight,2301,,110.8,,,,,136.7,,129.3,,,,115.9,,,,,,,120.0
TGB060,ORG Hazelnut Tea Bag Goody Bag - GA,Assembly,2300,,,,11.5,,7.7,,,7.7,,69.0,,,,13.3,49.3,,,12.2,12.3
40121,DO NOT MAKE ORG Maya Chai 25CT Tea Bag - G,Maisa 1,2265,36.5,113.7,,,190.8,,,,124.8,,,63.4,69.3,103.0,,,,,,99.5
82080L,ORG Irish Cream 11 Oz Bag/Box of 24 - G,WeighRight,2256,101.5,,,124.9,,,,,,,145.9,,,223.9,,,,,,141.9
42040L,ORG Snickerdoodle 10ct Loose - GA,Maisa 1,2245,,98.0,,,206.1,,,,,112.4,,,,124.0,,,,,,113.7
50097,Teeccino 30g Packet 10 Flavor Sampler,Assembly,2140,60.3,,,,82.9,70.6,,68.4,,,53.1,74.2,82.7,142.6,100.0,125.4,,,,79.0
83010L,ORG Dandelion Vanilla Nut 10 Oz Bag/Box of 24 - A,WeighRight,2117,,,,,62.6,,,98.5,,,,,,,88.3,,79.7,,,78.3
83220A,AMZN Dandelion Caramel Nut 10 Oz Bag/Box of 24 - A,WeighRight,2112,,,,,,,,40.2,,165.9,80.5,,,215.1,,219.8,,,,121.9
TGB331,ORG Dandelion Mocha Mint Tea Bag Goody Bag - A,Assembly,2100,30.0,,,11.5,,164.3,7.5,,,,22.8,,,,11.5,17.2,20.3,,,27.9
40060A,AMZN Org Hazelnut 10 Ct Tea Bag Loose - GA,Maisa 1,2088,164.9,,68.9,,,,,,,,,,,102.6,,,,,,93.0
40097,Teecino Tea Bag 12 Flavor Sampler,Assembly,2081,48.8,,87.5,72.7,128.2,55.7,,59.0,,,144.2,25.6,78.6,,112.1,89.2,50.3,,,76.5
30012L,ORG GF Dandelion Blend 100g Bag,AMS,2045,,,,,,,,,,,,,120.1,,114.8,,,,62.4,92.5
83226A,Dandelion Caramel Nut 500g APG Bag - A,WeighRight,2016,,78.1,89.7,,,110.7,,,90.5,,139.9,,,,,,,,,99.7
TB040,ORG Blood Orange Tea Bag - GA,Maisa 2+3,2000,,,,,,,,,,170.4,,,,,,,,,,170.4
TB602,ORG Macadamia Nut Loose Tea Bag - GA,Maisa 2+3,2000,,,32.9,,,,,,,,,,,,,,,,,32.9
TGB010,ORG Vanilla Nut Tea Bag Goody Bag - GA,Assembly,1950,57.5,,,,,16.0,,11.0,,,,,43.1,,11.2,37.0,,,23.0,17.0
82020L,ORG Caramel Nut 11oz Bag/Box of 24 - GA,WeighRight,1934,,,,111.7,146.6,74.2,,,,,102.7,,,,,,,,,101.3
80073,ORG Java 11OZ Bag 3PK - GA,WeighRight,1904,187.9,,,137.3,,120.0,,,94.7,,,,179.4,19.7,,161.1,,,,60.4
10302A,WWB Organic Cinnamon Powder 1lb - AMZN Label,AMS,1901,,,,,,,,,,,,,8.6,,23.9,33.1,,101.8,,28.0
45050L,ORG Turkey Tail Astragalus 10-Ct Tea Bag - G,Assembly,1888,,112.7,,,,,,,,,,24.5,,,28.6,,,,,36.1
83310L,ORG Dandelion Mocha Mint 10 Oz Bag/Box of 24 - A,WeighRight,1887,,,,,,,,183.2,,,95.1,,183.2,,134.4,109.7,,,,126.4
10001A,Sage 2 Oz Bags AMZN,AMS,1870,,,,,,,,,,,,,34.5,40.7,34.0,,,,42.3,39.3
80083,ORG Mocha 11OZ Bag 3PK  - GA,WeighRight,1840,109.3,,,167.2,,109.1,,,138.5,85.3,,109.9,140.9,95.5,,,,212.6,103.9,114.8
12251,Holiday Tea Bag Sampler Box - 6 Count Case,Assembly,1820,,,,,,16.6,20.8,26.3,,149.9,39.4,,,,,,,,28.1,23.2
43371,ORG Blueberry Vanilla 25-Ct Tea Bag,Maisa 1,1814,,,,,98.1,,,,,70.0,,58.2,,,,56.6,203.4,,70.1,85.7
43110L,Org Dandelion Dark Roast 10 Ct Tea Bag Loose,Maisa 2+3,1800,,72.0,,,,,,83.8,,,,,,183.2,,,,,,99.6
55040,Cordyceps Schisandra 30g Trial Size Packet,WeighRight,1800,,,,,242.5,,,,,,,,,,,,,,,242.5
TGB337,ORG Blueberry Vanilla Tea Bag Goody Bag,Assembly,1800,,25.6,,,,,,,,,,,,15.5,,,15.0,7.9,,15.1
83110A,AMZN ORG Dandelion Dark Roast 10 oz Bag/Box of 24,WeighRight,1752,63.1,,,,137.4,,,,,,,,,,,,,,,71.0
10043,"ORG Star Anise, 6Oz Bag",WeighRight,1740,,,,,,,,,,,,61.2,,93.4,,,,,,80.3
31007L,ORG Instant Miraculous Mushrooms AP Latte 224g Bag,AMS,1713,,,,,,,,,,,,,66.6,46.6,79.5,,,,,66.9
43221F,ORG Dandelion Caramel Nut DL 25CT Tea Bag AMZN (24pk) - A,Maisa 2+3,1656,,157.0,195.2,95.1,76.0,183.1,,,,,,,,,,51.5,,,49.5,93.0
43220F,Dandelion Caramel Nut Dual Language 10 cnt TB - A,Maisa 2+3,1623,,140.4,,,69.1,157.0,,,91.8,108.9,,,,126.4,97.9,,,93.1,,105.9
40086,Mocha Tagless Tea Bag - 50 Ct - GA,AMS,1620,80.5,,,,,303.3,,,,,,,,190.5,117.5,,,,,135.0
30005L,ORG GF Dandelion Blend 312g Bag,AMS,1587,,,,,,,,,,,,,37.4,,26.2,,,,,29.7
10023,WWB - ORG Elderberries - 1 Lb Bag,WeighRight,1568,,,,,,,,,,,,,52.4,,36.6,32.7,,,,39.3
40060L,Org Hazelnut 10 Ct Tea Bag Loose - GA,Maisa 2+3,1544,,,,115.3,,,,,,,,,,,,99.4,,,,109.5
60110,ORG French Roast 5 Lb Bag - G,WeighRight,1535,261.6,,157.9,366.3,120.5,,219.9,253.2,,244.4,277.5,140.1,223.3,261.6,275.5,,221.0,244.2,305.2,199.0
43001,Dandelion Tea Sampler Box - 6 Count Case,Assembly,1534,41.3,67.0,24.5,,,,,,,10.8,16.0,187.3,29.9,11.6,32.2,,,,,26.0
TGB501,Reishi Eleuthero Tea Goody Bag - G,Assembly,1520,27.0,,,,,,,,,,26.5,,,15.3,,,17.2,,,22.4
82040L,ORG Snickerdoodle 11OZ Bag/Box of 24 - GA,WeighRight,1503,,,,,,,,,121.0,,77.8,148.5,,,,,,190.2,,106.9
10026,ORG Orange Peel 8 Oz Bag,AMS,1497,,,,,,,,,,,,,,80.4,41.7,20.4,,,,26.6
31005L,ORG GF Instant Dandelion Latte 224g Bag,AMS,1487,,,,,,,,,,,,,64.6,,65.4,,,,,65.1
46001L,Prebiotic Super Tea Bag Sampler Box,Assembly,1476,114.5,,41.3,166.7,96.0,,224.8,110.4,,,,,,,,,,,,83.3
80086,Mocha 500g APG Bag - GA,WeighRight,1476,157.5,,,,,70.6,,,,171.1,,,,,,,,,,117.3
80070,ORG Java 11OZ Bag/6 Count Case - GA,WeighRight,1460,101.6,,,,96.0,109.9,,138.5,125.3,,147.2,129.7,160.7,12.5,143.3,109.9,,,,70.6
52040,ORG Snickerdoodle 30g Trial Size Packet - GA,WeighRight,1459,,,,109.9,,,,,,,,,,,,,197.3,,,124.2
10071A,AMZN - WWB - ORG Roasted Barley - 1 Lb - G,WeighRight,1452,115.4,,,116.4,,,,,,,,,,,,,,,,115.7
TB8003,ORG Lemon Balm Tea Bag 2.25g,Maisa 1,1450,24.4,,,112.3,,,,,,,,,,,,,,,,77.6
50020,Chocolate Mint 30g Trial Size Packet - GA,WeighRight,1440,,,,,,107.1,,,,,,,,,,,,,,107.1
80033,ORG Almond Amaretto 11OZ Bag 3PK - GA,WeighRight,1440,219.7,78.5,,549.3,127.8,189.4,,,,175.8,,,204.4,,138.5,,96.4,,192.7,144.8
40110F,French Roast Dual Language 10ct/6pk TB - G,Maisa 2+3,1431,,,,,,67.7,107.3,,,,,,,,,,,,,106.3
42021,ORG Caramel Nut 25CT Tea Bag - GA,Assembly,1431,,,,109.9,94.2,,,,,,,,,,,,26.3,26.7,,59.4
40021A,AMZN ORG Chocolate Mint 25-Ct Tea Bag - GA,Maisa 2+3,1416,721.1,110.4,,,,,55.2,,,84.0,,,,,,,,,,93.1
80020A,AMZN Org Chocolate Mint11OZ Bag/Box of 24 - GA,WeighRight,1416,,,,,152.7,175.4,,,,,,219.8,,,,131.9,,,,172.5
10045,AMZN- WWB-ORG Rooibos - 1 Lb Bag,AMS,1410,,,,,,,,,,,,103.0,,,48.3,,,,8.1,19.8
80030,ORG Almond Amaretto 11OZ Bag/6 Count Case - GA,WeighRight,1377,94.6,111.4,,125.4,74.0,,,94.1,79.9,,,175.4,,,,148.5,,13.9,,63.3
10104,WWB - ORG Dark Roasted Carob Flour - 1 Lb Bag,AMS,1364,,,,,,,,,,27.6,,,,13.4,,,,,,17.4
85060L,ORG Tremella Tulsi 10 Oz Bag/Box of 24,WeighRight,1349,87.0,,,,,,,133.2,126.4,,,,,,,,,,,108.0
30010L,ORG Instant Hazelnut 100g Bag - G,AMS,1344,,,,,,,,,,,,,91.3,,,76.0,,,,83.7
30004,Instant Barley - 6 Oz Bag - G,AMS,1334,,,,,,,,,,,,,,50.6,,48.3,,46.8,,48.8
40010A,AMZN Org Vanilla Nut 10 Ct Tea Bag Loose - GA,Maisa 1,1332,,,179.2,,,,,,,98.7,,,,111.4,123.7,,,,,113.5
TGB505,Turkey Tail Astragalus Tea Goody Bag - G,Assembly,1320,28.7,,,,,,17.2,,,,25.2,,,27.6,19.2,35.9,,,,27.7
45070L,Org Miraculous Mushroom A&P 10Ct Tea Bag Loose,Maisa 1,1273,,,,,,,106.0,,,,,,,160.1,,,,,,128.0
20061,ORG Hazelnut 300G Dual Language Bag - 6Ct Case - GA,WeighRight,1262,103.7,,,,,436.0,,103.0,,140.9,,91.6,,121.8,,,76.3,,,148.2
85040L,ORG Cordyceps Schisandra 10 Oz Bag/Box of 24,WeighRight,1236,83.1,,90.0,,145.5,,,,,,,,,,,,,,,100.7
83113,ORG Dandelion Dark Roast 10OZ Bag 3PK ,WeighRight,1232,,,104.3,109.9,74.5,,,,,,,,,126.8,,,,87.0,,96.4
10015,"ORG Schisandra, 1 lb Bag",WeighRight,1232,,,,,,,,,,,,,,180.0,,,,,,180.0
45060,ORG Tremella Tulsi 10 Ct Tea Bag/6 Count Case,Maisa 2+3,1231,,,,,130.5,76.5,,,,,,,,,,,,,,110.8
31014L,ORG Instant Miraculous Mushroom Matcha Latte 252g Bag,AMS,1229,,,,,,,,,,,,,78.8,,58.2,,,,,67.5
85070,ORG Miraculous Mushrooms A&P 6Ct/10Oz APG Bag,WeighRight,1209,,,,,,,132.0,211.3,,120.3,169.4,131.6,,,,163.1,,73.3,,132.2
30009L,ORG Instant Vanilla Nut 100g Bag - G,AMS,1204,,,,,,,,,,,,,46.9,,,,76.6,,,55.0
43370L,Org Dandelion Blueberry Vanilla 10Ct Tea Bag Loose,Maisa 1,1188,,,,,,,222.8,,,,,41.1,,,,,120.6,,,74.3
30014L,Organic Instant Chicory 8 Oz Bag,AMS,1128,,,,,,,,,,,,,,,,45.2,,,52.5,48.3
TGB204,ORG Snickerdoodle Tea Bag Goody Bag - GA,Assembly,1100,,,,11.5,,,,,,,,,,27.5,,,15.7,,,25.0
TGB503,Lion's Mane Rhodiola Tea Goody Bag - G,Assembly,1100,24.3,50.7,,11.5,,,,,,,,,43.1,,14.4,31.4,,,,27.4
40030,ORG Almond Amaretto 10ct/6pk Tea Bag - GA,Maisa 2+3,1097,,,,,,,102.9,,101.9,,,90.5,,,,,45.4,,,75.3
52010,Pumpkin Spice 30g Trial Size Packet - GA,WeighRight,1080,,,,,,,,,,224.8,,,,,,,,,,224.8
52020,Caramel Nut 30g Trial Size Packet - GA,WeighRight,1080,,,,,123.0,,,,,,,,,,,,,,,123.0
31008L,ORG Instant French Roast Latte 224g Bag,AMS,1079,,,,,,,,,,,,,49.1,,115.6,,,,,74.1
TGB208,ORG Irish Cream Tea Bag Goody Bag - G,Assembly,1075,28.5,,,11.5,,,,,,,,,,25.0,,,15.0,,,25.0
46013,ORG Dark Chocolate 25CT Tea Bag 3PK,Maisa 2+3,1072,164.8,75.8,,,,,,103.0,,,107.5,,,130.8,170.5,,,,,114.1
GDB060,ORG Hazelnut Packet Goody Bag - GA,Assembly,1065,,,1584.9,402.4,818.6,196.2,,,,,,,,1373.6,553.9,,189.4,,,407.3
10202,ORG Peppermint 1 Lb Bag,AMS,1062,,,,,,,,,,,,,20.1,,22.3,,,26.3,,22.8
42080L,ORG Irish Cream 10ct Loose - G,Assembly,1032,,,,155.5,,,,,,,30.5,,,,,25.9,,,,38.4
82070L,ORG Candy Cane 11 Oz Bag/Box of 24 - G,WeighRight,1026,,,,,,,170.6,,,94.0,,57.7,,,,,,,,91.1
TGB334,ORG Dandelion Coconut Tea Bag Goody Bag - A,Assembly,1025,,,,,66.3,,,,,,,,,,,3.7,24.1,,,29.2
40060F,Hazelnut Dual Language 10 cnt TB - GA,Maisa 1,1023,,,,91.3,,90.1,,,,,,,,,,,,53.1,,83.7
50092,Teeccino Chocolate Flavor Sampler,Assembly,1015,68.7,,,94.5,,,,108.0,,,,,94.3,,,,,88.8,,85.3
10017,ORG Lemon Balm (+8) 1LB Bag - 7-9523910017,AMS,1008,,,,,,,,,,,,,18.6,32.6,,,,,,31.3
43111F,ORG Dandelion Dark Roast DL 25CT Tea Bag AMZN (24pk),Assembly,984,,92.7,,,61.1,,,,,,,,,,173.6,,,,,97.0
60060,ORG Hazelnut 5 Lb Bag - GA,WeighRight,978,228.9,152.6,,269.3,153.8,,,,91.3,208.1,,183.1,163.5,,,208.1,,183.1,258.8,161.1
31010L,ORG Instant Hazelnut Latte 224g Bag,AMS,967,,,,,,,,,,,,,31.9,,118.4,72.4,,,,52.9
40013,ORG Vanila Nut 25CT Tea Bag 3PK - GA,Maisa 1,960,47.5,141.1,64.8,,252.3,102.0,,,66.7,,213.1,,,,84.1,226.8,,,,97.9
53091,AMZN Dandelion 6 Packet Sampler - X002V5663N,Assembly,960,71.5,,,146.8,154.5,,112.6,,,,,,,,,,,,,121.0
43370,ORG Dandelion Blueberry Vanilla 10ct/6pk Tea Bag,Maisa 1,901,,,,,,,128.3,,,66.7,,62.3,,111.1,,,21.7,,,86.6
50140,ORG Original 30g Trial Size Packet - G,WeighRight,900,,,,,,157.3,,,,,,,,,,,,,,157.3
40010L,Org Vanilla Nut 10 Ct Tea Bag Loose - GA,Maisa 1,892,143.6,,,,,,,,,97.9,,,,,,,,,,117.2
74420,Blueberry Date Teechia 300G Bag,WeighRight,888,56.0,,,,,,,,,,,,,,,,,,,56.0
20081,ORG Mocha 300G Dual Language Bag - 6Ct Case - GA,WeighRight,882,94.7,123.4,,,,,,,,,,131.9,84.0,,,,30.1,,82.1,73.7
86020L,ORG Macadamia Nut 10 Oz Bag/Box of 24 - GA,WeighRight,875,,131.9,185.9,,,,128.8,,,,,,,,,,,,,140.4
GDB010,ORG Vanilla Nut Packet Goody Bag - GA,Assembly,870,,,2060.4,143.1,,364.7,,,,,1236.2,,,,572.3,,613.2,,,500.4
31009L,ORG Instant Vanilla Nut Latte 224g Bag,AMS,840,,,,,,,,,,,,,,,54.4,,,,,54.4
80089L,ORG Raspberry Mocha 11OZ Bag/Box of 24 - GA,WeighRight,840,,,,,,,,,,,,,,,,128.2,,,,128.2
45050F,Turkey Tail Astragalus Dual Language 10 cnt TB - G,Maisa 2+3,838,252.8,,,,,,,,,,,126.8,75.1,,111.2,,,,,101.9
60010,ORG Vanilla Nut 5 Lb Bag - GA,WeighRight,806,176.1,146.1,132.1,327.0,190.8,120.8,,,202.0,,183.1,164.4,277.5,194.8,,4.3,,228.9,343.4,33.2
40113,ORG French Roast 25CT Tea Bag 3PK - G,Maisa 1,804,189.0,132.1,1166.3,,,,,,,,,,48.5,,77.9,,,116.6,,107.3
43113,ORG Dandelion Dark Roast 25CT Tea Bag 3PK,Maisa 2+3,804,,,,113.9,,,,112.4,,63.1,,,,154.5,,,,,,98.3
83320L,ORG Dandelion Red Chai 10 Oz Bag/Box of 24,WeighRight,795,,109.0,,,,130.9,,,,,,,150.5,,,,,,,131.9
55092,Mushroom 6 Packet Sampler,Assembly,780,,,,,140.8,,,,,,94.5,,155.5,,,,,,,139.6
30007,Instant Miraculous Mushrooms A&P 100g Bag / 6 Count Case,AMS,754,,,,,,,,,,,,231.5,156.1,72.2,45.5,,,103.0,,83.1
TGB130,ORG Maca Chocolate Tea Bag Goody Bag,Assembly,750,,26.3,,,,,,,,,,,,,,12.8,,,,19.5
GDB110,ORG French Roast Packet Goody Bag - G,Assembly,741,,,,459.9,156.1,,,7.0,,,2289.3,,,,572.3,,1042.9,,,649.1
20111,ORG French Roast 300G Dual Language Bag - 6Ct Case - G,WeighRight,738,,112.9,,,,,78.8,,,,,,,117.2,,,111.4,,,100.1
82050L,ORG Gingerbread 11OZ Bag/Box of 24 - GA,WeighRight,736,,,,,,,,,122.1,,,,,,,,,,,122.1
43311F,ORG Dandelion Mocha Mint DL 25CT Tea Bag AMZN (24pk) - A,Maisa 2+3,720,,183.1,,,,,,,,54.3,,,,,,34.3,185.4,,,82.5
80133,ORG MACA Chocolate 11OZ Bag 3PK - G,WeighRight,720,70.4,,79.2,,,,,,,,,274.7,,189.4,,,80.4,,,107.5
86020,ORG Macadamia Nut 10 Oz Bag/6 Count Case - GA,WeighRight,720,,2472.6,,,,,,,,,,,,,,,,,,2472.6
63110,ORG Dandelion Dark Roast 5 Lb Bag,WeighRight,715,323.2,,179.6,,119.0,,,246.5,157.9,,183.1,30.8,,83.2,,286.2,148.4,,169.6,129.7
GDB502,ORG Chaga Ashwaganda Packet Goody Bag,Assembly,710,,,1144.7,144.3,,,,,,,,,2146.2,1373.6,,,2134.6,,438.4,669.8
31011L,ORG Instant Mocha Latte 224g Bag,AMS,705,,,,,,,,,,,,,,72.0,,,,,,72.0
10016,Organic Turmeric Powder - 1 Lb Bag,AMS,703,,,,,,,,,,,,,89.4,40.1,,,,,,48.6
TGB506,ORG Tremella Tulsi Tea Bag Goody Bag,Assembly,700,,,,22.5,,,,,,,,,,,,,,,,22.5
GDB080,ORG Mocha Packet Goody Bag,Assembly,685,,,,643.9,2472.5,457.9,,,,,,,,1373.6,,,1755.2,,,940.9
40011F,ORG Vanilla Nut DL 25CT Tea Bag AMZN (24pk) - GA,Maisa 1,684,162.7,109.0,,,,206.0,235.5,,,,,,,,,47.9,,,,120.3
43223,ORG Dandelion Caramel Nut 25CT Tea Bag 3PK - A,Maisa 2+3,660,,127.0,,,,,103.0,,139.6,,,,,,,105.7,,,,118.0
10028L,"Organic Cacao Nibs, 1 Lb Bag",AMS,660,,,,,,,,,,,,,,,,,21.3,,22.1,21.7
10046L,"Organic Dandelion Root Powder, Medium Roast, 1 Lb Bag",AMS,660,,,,,,,,,,,,,,,,,,21.6,19.8,20.6
43340F,Dandelion Coconut Dual Language 10 cnt TB - A,Maisa 1,654,206.0,,,96.6,162.3,130.0,,,,,,,,,,,,,,119.0
42121,ORG Chocolate Raspberry 25CT Tea Bag - G,Assembly,651,,,,33.7,,,,,68.9,,,,,,,,,29.3,,49.3
40063,ORG Hazelnut 25CT Tea Bag 3PK - GA,Maisa 1,648,,102.5,,,116.3,,,,,,59.5,,,,,40.4,91.6,,,72.7
45010F,Reishi Eleuthero Dual Language 10 cnt TB - G,Maisa 2+3,640,41.9,,,131.6,,75.3,,,,,,,,,,,92.4,,,88.1
GDB601,ORG Dark Chocolate Packet Goody Bag,Assembly,640,,,,343.4,909.0,309.1,,,,,,,,,,,686.8,,,534.7
60070,ORG Java 5 Lb Bag - GA,WeighRight,637,228.9,,,126.3,73.3,163.5,,,119.7,149.3,,171.7,223.2,,,208.1,228.9,190.8,305.2,161.0
48005,DO NOT MAKE WWB ORG Sweet Cinnamon Spice 25ct Tea Bag 3.5g,Maisa 1,624,64.8,,,,,,,,,,84.8,,,,,,,,,80.1
82040A,AMZN Org Snickerdoodle 11OZ Bag/Box of 24 - GA,WeighRight,600,92.0,,,,,,,,,,,,,,,,,,,92.0
89002,HZ/JV/MO 11 Oz Variety Pack,Assembly,592,,,,,226.3,,,,,,,196.5,,,,,,,265.4,228.7
43330F,Dandelion Turmeric Dual Language 10 cnt TB,Maisa 1,586,,,,73.5,,115.5,,,,,,,,,,,,,,94.3
31007,ORG Instant Miraculous Mushrooms AP Latte 6Ct Case ,AMS,575,,,,,,,,,,,,618.0,727.1,,76.9,,,82.9,,84.9
30013,Instant Miraculous Mushrooms C+5 135g Bag / 6 Count Case,AMS,567,,,,,,,,,,,,636.6,154.6,148.2,,,,84.4,,97.1
12250,Advent Calendar,Assembly,566,,,,,,,,16.3,,11.4,23.2,,,,,,,,,17.0
83350L,ORG Passion Fruit Peach 10 Oz Bag/Box of 24,WeighRight,559,,,,,,90.6,,,,,,,,,,,,,,90.6
43321A,DO NOT MAKE Dandelion Red Chai 25 Count Tea Bag,Maisa 1,552,686.8,129.4,,,,,,,,,,,,,,,,,,157.2
82130A,AMZN Org Mexican Chocolate 11OZ Bag/Box of 24 - G,Assembly,552,,157.0,208.0,,,,152.7,,,,,,,,,,,,,183.2
49020A,Sampler Gift Box (VP/DVP/MVP/PVP),Assembly,542,38.9,,44.0,23.0,,,98.8,,,,,,,,,,,,,41.8
40141,ORG Original 25ct Tea Bag - G,Maisa 1,541,,,,,111.4,,,,,,,,,,,,,34.1,,76.5
52130,Mexican Chocolate 30g Trial Size Packet (Boutique Style) - G,WeighRight,540,,,,,,,,,,,247.3,,,,,,,,,247.3
40081F,ORG Mocha DL 25CT Tea Bag AMZN (24pk) - GA,Maisa 1,535,37.8,101.7,,,56.4,,,,,,,,,,,,,,,63.4
43310F,Dandelion Mocha Mint Dual Language 10 cnt TB - A,Maisa 2+3,527,,197.8,,,219.8,,,,,,,137.4,,127.8,,,85.2,,,114.1
50091,Teeccino Nut Flavor Sampler,Assembly,525,,,186.6,78.8,,,,,,,85.9,42.3,,71.5,,,,,,69.1
40041,ORG Blood Orange 25CT Tea Bag - GA,Maisa 2+3,515,,,,,,,,,30.4,116.1,,,,,,,47.9,,,89.9
31014,ORG Instant Miraculous Mushroom Matcha Latte 6Ct Case,AMS,511,,,,,,,,,,,,,,,103.8,,,81.5,,84.4
40091,Teeccino Intro Tea Bag Sampler,Assembly,500,49.0,,,,,,,,,,84.8,,,,296.0,,,,,118.1
43361,ORG Holiday Egg Nog 25ct Tea Bag,Assembly,492,,,,,,,,,75.1,,,,,,,,,,,75.1
GDB501,ORG Reishi Eleuthero Packet Goody Bag - G,Assembly,490,171.7,,,148.0,7.0,1123.9,,,657.6,,,,,1144.7,572.3,,,,,109.8
42051,Gingerbread 25CT Tea Bag - GA,Assembly,480,,,,,,,,,23.4,,,,,,,,,,,23.4
80120L,DO NOT MAKE ORG Maya Chai 11oz Bag/Box of 24 - G,WeighRight,480,,,,130.9,,130.9,,,,,,,,,,,,,,130.9
82070A,AMZN ORG Candy Cane 11 Oz Bag/Box of 24 - X003DNN71V - G,WeighRight,480,,,,,,,74.3,,,124.9,,,,,,,,,,82.6
83340A,AMZN Org Dandelion Coconut 10OZ Bag/Box of 24 - A,WeighRight,480,,140.3,,103.0,,,,,,,,,,,,,,,,122.6
40132F,ORG Maca Chocolate DL 25CT Tea Bag AMZN (24pk) - G,Assembly,480,,,,,,,,,,,,,56.1,191.7,,,,,,86.8
60080,ORG Mocha 5 Lb Bag - GA,WeighRight,471,152.6,245.3,,,143.1,312.2,,,,54.6,,208.1,147.2,,,203.5,,109.9,281.8,150.0
60030,ORG Almond Amaretto 5 Lb Bag - GA,WeighRight,467,202.0,93.3,,,201.4,,,,137.4,,146.5,,202.0,157.9,,274.7,,356.1,269.3,191.6
20011,ORG Vanilla Nut 300G Dual Language Bag - 6Ct Case - GA,WeighRight,462,,89.0,,,,,,,,,,,131.9,,,,537.5,,,150.7
83360L,ORG Holiday Egg Nog 10oz Bag/Box of 24,WeighRight,462,,,,,,,140.9,,,,,,188.3,,,,,,,160.3
85010,ORG Reishi Eleuthero 10 Oz Bag/6 Count Case - G,WeighRight,460,98.9,,,,,,,,130.8,193.5,,,,,,145.9,106.3,,,122.9
GDB505,ORG Turkey Tail Astragalus Packet Goody BAg - G,Assembly,460,1073.1,,,111.5,502.8,441.5,,,,,,,,,,,,,,357.4
80130,ORG MACA Chocolate 11OZ Bag/6 Count Case - G,WeighRight,457,,86.0,,,,,113.5,,,,145.9,,,,,160.8,,,,126.8
83110,ORG Dandelion Dark Roast 10 Oz Bag/6 Count Case,WeighRight,450,,,100.0,,,,,161.6,92.2,,119.4,,,,,,,171.7,,110.6
43224,ORG Dandelion Caramel Nut 10CT Tea Bag 4PK X0019VIU9N,Assembly,448,,,,,,,,64.3,,,,,,19.4,172.4,,,,,50.5
40114,ORG French Roast 10CT Tea Bag 4PK - G,Maisa 1,432,111.6,102.6,,,,,,,,,,70.6,,,,,,,,87.1
45001A,AMZN Mushroom Adapt Tea Bag Sampler Box,Assembly,432,172.1,,,,,,,,,,,,,,,,,,,172.1
82080A,AMZN  ORG Irish Cream 11 Oz Bag - G,WeighRight,432,89.9,,,,,,,,,,,,,,,,,,,89.9
83330L,ORG Dandelion Turmeric 10 Oz Bag/Box of 24,WeighRight,429,,,,97.3,,,,,,,,,,,,,,,,97.3
83220,ORG Dandelion Caramel Nut 10 Oz Bag/6 Count Case - A,WeighRight,416,,121.2,104.3,,,,87.9,,,,,,,,,121.4,,,,106.1
85023,ORG Chaga Ashwagandha 10OZ Bag 3PK ,WeighRight,400,,,,54.9,,,,,171.7,,,,,143.3,,,,,,111.2
89001,FR/MCL/VN 11 Oz Variety Pack,Assembly,400,,,,,,,,,,,247.2,256.2,,,,,,,,254.4
TGB333,ORG Dandelion Turmeric Tea Bag Goody Bag,Assembly,400,,,,27.6,,,,,,,,,,,,,,,,27.6
66010,ORG Dark Chocolate 5 Lb Bag,WeighRight,397,99.0,,167.5,261.6,,203.5,,119.3,87.2,,,213.7,,127.2,,323.2,,,76.3,143.8
43114,ORG Dandelion Dark Roast 10CT Tea Bag 4PK (with DCO/DMM Goody Bag),Maisa 1,384,97.7,,,,,162.8,,,,,,58.1,202.9,,,,,,,105.2
10102,WWB - ORG Medium Roasted Carob 1 Lb x 2,AMS,384,,,,,,,,,,,,,,,28.6,,,,,28.6
43314,ORG Dandelion Mocha Mint 10CT Tea Bag 4PK - A,Maisa 1,384,,,,,,,,,,,,,100.3,149.7,,,,,,124.2
49011,25 Count Variety Pack (CM/CH/PDC),Assembly,372,,68.0,,,281.8,,,,,,,,,,166.1,,,,,104.4
85050,ORG Turkey Tail Astragalus 10 Oz Bag/6 Count Case - G,WeighRight,370,88.0,,,,,,,,,,,,,,102.8,,,,,93.1
43370F,Dandelion Blueberry Vanilla Dual Language 10 cnt TB,Maisa 1,363,,,,,,,,,,,,,,,98.2,,,,,98.2
40033,ORG Almond Amaretto 25CT Tea Bag 3PK - GA,Maisa 1,360,180.7,89.6,,103.0,,,,,,,,,,,34.0,86.9,,,,76.1
40061F,ORG Hazelnut DL 25CT Tea Bag AMZN (24pk) - GA,Assembly,360,,,,,67.3,,152.6,,,,,,,,,,,,41.9,66.3
40111F,ORG French Roast DL 25CT Tea Bag AMZN (24pk) - G,Maisa 1,360,,196.2,,208.1,,242.4,,,,,,,,,,,,,,213.9
42111A,DO NOT MAKE AMZN ORG French Vanilla 25CT Tea Bag - G,Maisa 1,360,65.4,,,686.8,,,,,,,,,,,,,,,,93.7
43331,Dandelion Turmeric 25 Count Tea Bag,Assembly,360,,,,,,,,41.0,,,,,,,,,,,,41.0
50093,Wellness Packet Sampler Pack,Assembly,358,,,,94.9,44.7,,,,,,457.9,,,168.3,,71.0,,,,66.4
30008,Instant French Roast 100g Bag / 6 Count Case - G,AMS,356,,,,,,,,,,,,231.5,94.6,795.8,89.3,,,,,95.3
55092A,AMZN Mushroom 6 Packet Sampler,Assembly,342,,,24.7,,,,186.5,,,,,,,,,152.4,,,,75.3
82060A,AMZN  ORG Maple Pecan 11 Oz Bag - GA,WeighRight,336,66.9,,,,,,,,,,,,,,,,,,,66.9
10021A,AMZN - WWB - Date Sugar - 1 Lb,AMS,336,,,,,,,,,,,,,,88.7,,,,,,88.7
40089,ORG Raspberry Mocha 25Ct,Maisa 1,335,,,,,,,,,,,,,,93.1,,,,,,93.1
80112A,AMZN French Roast 11Oz Bag 2PK - G,Assembly,316,,,,,,,,44.4,15.3,,,,,,,,,,,38.0
45021A,AMZN ORG Chaga Ashwagandha 25 Ct Tea Bag,Assembly,312,,,85.0,,,,,,,,,,,,,,,,,85.0
45023,ORG Chaga Ashwagandha 25CT Tea Bag 3PK,Assembly,312,116.6,247.2,,,,,,,,,103.3,,,,,,,,,119.3
31008,ORG Instant French Roast Latte 6Ct Case,AMS,311,,,,,,,,,,,,267.2,618.0,,79.0,,,,,93.9
56030,Mango Lemon Balm 30g Trial Size Packet - G,WeighRight,302,,144.1,,,,,,,,,,,,,,,,,,144.1
10029L,"Organic Maca Powder, 1 Lb Bag",AMS,300,,,,,,,,,,,,,,,,,11.0,,,11.0
10203L,Organic Peppermint 50Ct NTB - MAISA 1 only,Maisa 2+3,300,,,,,,,,,,,,,,,,,,7.9,,7.9
65020,ORG Chaga Ashwagandha 5 Lb Bag,WeighRight,294,228.9,,,228.9,196.2,,,,267.1,,101.7,,88.9,,,,,190.8,68.7,128.0
40014,ORG Vanila Nut 10CT Tea Bag 4PK  - GA,Maisa 1,288,,117.2,,,,,,,,75.1,,163.5,,,,,,,,125.2
43320L,Org Dandelion Red Chai 10 Ct Tea Bag Loose,Assembly,288,,,,29.4,,,,,,,,,,,,,,,,29.4
43361A,AMZN ORG Holiday Egg Nog 25ct Tea Bag - X003ZS6OJL,Maisa 1,288,,,,,,,108.4,,,,,,,,,,,,,108.4
80012A,AMZN Vanilla Nut 11Oz Bag 2PK - GA,Assembly,288,,,,,,,,9.1,56.6,,,,,,,,,,,26.3
45010L,ORG Reishi Eleuthero 10-Ct Tea Bag - G,Maisa 2+3,288,,,,,,,,,,,,,,,,152.2,,,,152.2
45033,ORG Lion's Mane Rhodiola 25CT Tea Bag 3PK - G,Maisa 2+3,284,,190.8,,,,,,,,90.7,,,,,,,,,,143.8
30012,Instant Dandelion Blend 100g Bag / 6 Count Case,AMS,276,,,,,,,,,,,,150.8,22.8,,62.4,,,,,37.7
45041,ORG Cordyceps Schisandra 25 Ct Tea Bag,Maisa 2+3,275,,,,,,160.6,,,,,,,,,,,,,,160.6
GDB070,ORG Java Packet Goody Bag - GA,Assembly,246,,,2131.4,858.5,,6.0,,,,,,,,,,,,,,35.3
63220,ORG Dandelion Caramel Nut 5 Lb Bag - A,WeighRight,242,,,228.9,,104.1,,,,,,228.9,,214.6,,,,179.2,,,180.3
43331A,AMZN Dandelion Turmeric 25 Count Tea Bag - X002GYE5BJ,Assembly,240,,,90.8,,,,,,,,,,,,,,,,,90.8
46021,ORG Macadamia Nut 25 Ct Tea Bag - GA,Maisa 2+3,240,,,72.9,,,,,,,,,,,,,,,,,72.9
80023,ORG Chocolate Mint 11oz Bag 3PK - GA,Assembly,240,,,,32.4,,,,,,,,,,,,,,,,32.4
80043,ORG Blood Orange 11OZ Bag 3PK - GA,Assembly,240,,,374.5,144.6,,,,,,,,,,,,,,,,181.8
83083,DO NOT MAKE ORG Dandelion Mocha 10OZ Bag 3PK  - A,Assembly,240,,,6.7,,,,,,,,107.7,,,,,,,,,17.9
83310A,AMZN Org Dandelion Mocha Mint 10OZ Bag/Box of 24 - A,Assembly,240,,,549.6,,,,,,,,,,,,,,,,,549.6
86013,DO NOT MAKE ORG Dark Chocolate 10OZ Bag 3PK ,WeighRight,240,,,,118.1,,,,,,,196.2,,,,,,,,,136.2
10081A,AMZN - WWB - ORG Roasted Ramon Granules - 1 Lb,AMS,237,,,,,,,,,,,,,,,,,,,75.3,75.3
43313,DO NOT MAKE ORG Dandelion Mocha Mint 25CT Tea Bag 3PK - A,Maisa 1,228,,,534.2,,,,,,,,,,82.4,,,,,,,218.7
30011,Instant Mocha 100g Bag / 6 Count Case - G,AMS,226,,,,,,,,,,,,,227.0,99.5,83.8,,,,,101.0
83223,ORG Dandelion Caramel Nut 10OZ Bag 3PK - A,Assembly,224,,137.3,,,,,,,,,,,,78.9,,,,,,96.5
10025,ORG Lavender 1LB Bag - 79523910025,AMS,220,,,,,,,,,,,,,,22.0,,,,,,22.0
65050,ORG Turkey Tail Astragalus 5 Lb Bag - G,WeighRight,219,127.2,,,85.4,,,,,,,126.3,,91.6,,,206.0,,,,101.9
45061,ORG Tremella Tulsi 25 Ct Tea Bag,Maisa 1,216,145.4,,,,,,,,,,,,,,,,,,,145.4
82120L,ORG Chocolate Raspberry 11OZ Bag/Box of 24 - G,WeighRight,216,,,,,91.6,,,,,,,,,,,,,,,91.6
10303,"DO NOT MAKE Org Cinnamon, 5 Lb Bag",WeighRight,215,,,14.0,,,,,,,,,,,,,,,,,14.0
GDB311,ORG Dandelion Dark Roast Packet Goody Bag,Assembly,200,,,,,,,,,,,,,,1373.6,,,,,600.1,635.9
60130,ORG MACA Chocolate 5 Lb Bag - G,WeighRight,195,,114.5,,,,124.0,,,,,160.3,160.3,,152.6,,188.5,,,171.7,143.1
40136,ORG Maca Chocolate 25CT Tea Bag 3PK - G,Maisa 1,192,,,,,,,,,,,96.3,,,,,,,,,96.3
82110A,AMZN Org French Vanilla 11OZ Bag/Box of 24 - G,WeighRight,192,74.3,,,,,,,164.9,,,,,,,,,,,,93.5
86030L,ORG Mango Lemon Balm 10 Oz Bag/Box of 24 - G,WeighRight,192,,157.0,,,,,,,,,,,,,,,,,,157.0
45053,DO NOT MAKE ORG Turkey Tail Astragalus 25CT Tea Bag 3PK - G,Maisa 1,180,,,278.4,,,,,,,,88.1,,,,,,,,,114.0
49020,Sampler Box Gift Box,Assembly,180,,,108.3,,,,47.9,,,,,34.0,,,,,,,,49.6
50094,DO NOT MAKE Teeccino Intro Sampler,Assembly,180,88.3,,,125.6,,,,,,,,,,,,,,,,103.7
30010,Instant Hazelnut 100g Bag / 6 Count Case - G,AMS,178,,,,,,,,,,,,954.9,129.9,,45.1,,82.2,,,71.6
85013,DO NOT MAKE ORG Reishi Eleuthero 10OZ Bag 3PK  - G,Assembly,176,,,64.9,,,,,,,,,,87.9,,,,,,,75.7
85053,DO NOT MAKE ORG Turkey Tail Astragalus 10OZ Bag 3PK - G,WeighRight,176,,,,121.7,,,,,,,,,,,,,,,,121.7
83360A,AMZN ORG Holiday Egg Nog 10oz Bag,WeighRight,168,,,,,,,104.0,,,,,,,,,,,,,104.0
40010F,Vanilla Nut Dual Language 10 cnt TB - GA,Maisa 2+3,160,65.9,102.7,,,,,,,,,,,,,,,,,,80.3
40134,ORG Maca Chocolate 10CT Tea Bag 4PK - G,Assembly,160,,,,,129.3,,,,,,,,,,,,,,,129.3
65010,ORG Reishi Eleuthero 5 Lb Bag - G,WeighRight,157,137.4,,89.7,,215.5,,,274.7,,163.5,,,,254.4,128.2,,,,78.5,143.4
62060,ORG Maple Pecan 5 Lb Bag - GA,WeighRight,148,57.2,178.1,,,,,,152.6,,137.4,,215.5,,,,,208.1,,135.7,159.8
10009A,AMZN ORG Chia 2 X 1 Lb Bag,Assembly,144,,,,,,,,,,,,,,,69.5,,,,,69.5
53098,Dandelion Packet Sampler Pack,Assembly,142,,,609.5,,,,,,,,,,,,,,,,,609.5
60120,DO NOT MAKE ORG Maya Chai 5 Lb Bag - G,WeighRight,142,,,,76.3,,102.4,,,152.6,,,,146.5,,360.6,,,,,172.9
80062A,AMZN Hazelnut 11Oz Bag 2PK - GA,Assembly,140,,,,,,,,,,,,47.4,,,,,,,,47.4
63340,ORG Dandelion Coconut 5 Lb Bag - A,WeighRight,136,,,,,152.6,,228.9,,,,124.9,244.2,,,134.7,208.1,,,,176.9
31005,ORG Instant Dandelion Blend Latte 6Ct Case ,AMS,136,,,,,,,,,,,,,213.1,,452.7,,,,,418.1
63080,ORG Dandelion Mocha 5 Lb Bag - A,WeighRight,135,,228.9,,,208.1,,,,84.9,,,128.2,,,,203.5,,,,153.0
60020,ORG Chocolate Mint 5 Lb Bag - GA,WeighRight,129,,,,,208.1,,,,,,166.0,219.8,,,,215.5,,,,202.3
40011EU,Vanilla Nut 25Ct Tea Bag AMZN EU - GA,Maisa 2+3,120,,,,,,,,,,,40.4,,,,,,,,,40.4
40111EU,French Roast 25Ct Tea Bag AMZN EU - G,Maisa 2+3,120,,,,,,,,,,,117.7,,,,,,,,,117.7
43111EU,Dandelion Dark Roast 25Ct Tea Bag AMZN EU,Maisa 1,120,,,,,,,,,,,137.4,,,,,,,,,137.4
43221EU,Dandelion Caramel Nut 25Ct Tea Bag AMZN EU - A,Maisa 2+3,120,,,,,,,,,,,32.4,,,,,,,,,32.4
43343,DO NOT MAKE ORG Dandelion Coconut 25CT Tea Bag 3PK - A,Maisa 2+3,120,,,,,,,,,,,109.4,,,,,,,,,109.4
46011EU,Dark Chocolate 25Ct Tea Bag AMZN EU,Maisa 2+3,120,,,,,,,,,,,158.5,,,,,,,,,158.5
46031A,AMZN ORG Mango Lemon Balm 25 Ct Tea Bag - X002LGV6MX - G,Maisa 1,120,,185.6,,,,,,,,,,,,,,,,,,185.6
48008,WWB ORG Rooibos Masala Chai 25ct Tea Bag 4g,Assembly,120,102.0,,,,,,,,,,,,,,,,,,,102.0
80040A,AMZN Org Blood Orange 11OZ Bag/Box of 24 - GA,Assembly,120,,,,,,63.9,,,,,,,,,,,,,,63.9
80120A,DO NOT MAKE AMZN Org Maya Chai 11OZ Bag/Box of 24 - G,Assembly,120,,,,,,,,,,249.8,,,,,,,,,,249.8
82020A,AMZN Org Caramel Nut 11OZ Bag/Box of 24 - GA,Assembly,120,,358.4,,,,,,,,,,,,,,,,,,358.4
83010A,AMZN Org Dandelion Vanilla Nut 10OZ Bag/Box of 24 - A,Assembly,120,,,,168.2,,,,,,,,,,,,,,,,168.2
83080A,AMZN Org Dandelion Mocha 10OZ Bag/Box of 24 - A,Assembly,120,,,,,77.0,,,,,,,,,,,,,,,77.0
83320A,AMZN Org Dandelion Red Chai 10OZ Bag/Box of 24,WeighRight,120,,144.6,,,,,,,,,,,,,,,,,,144.6
10033,Powdered Fine Date Sugar - 1 Lb Bag,AMS,120,,,,,,,,,,,,,,,,77.2,,,,77.2
40004,HZ/VN 10 Count 4 Pack,Assembly,112,,,,,375.2,,,,,,,,,,,,,,,375.2
31009,ORG Instant Vanilla Nut Latte 6Ct Case,AMS,110,,,,,,,,,,,,,217.0,54.0,,,,,,78.8
30009,Instant Vanilla Nut 100g Bag / 6 Count Case - G,AMS,106,,,,,,,,,,,,,230.6,,51.1,,,,,77.2
31011,ORG Instant Mocha Latte 6Ct Case,AMS,100,,,,,,,,,,,,,,68.2,,,,,,68.2
80123,DO NOT MAKE ORG Maya Chai 11OZ Bag 3PK - G,Assembly,96,,146.5,,,,,,,,,,,,,,,,,,146.5
31010,ORG Instant Hazelnut Latte 6Ct Case,Assembly,95,,,,,,,,,,,,159.3,220.7,,110.4,,,,,145.3
29002,ORG FR/HZ/VN 300g Variety Pack,Assembly,83,,,,,,,,,,,,,,,,154.5,,,741.7,285.0
40064,DO NOT MAKE ORG Hazelnut 10CT Tea Bag 4PK - GA,Assembly,80,,,45.4,,,,,,,,,,,,,,,,,45.4
74440,Blueberry Date Teechia 5 Lb Bag,WeighRight,80,129.6,,,,,,,,,,,,,,,,,,,129.6
80099,ORG Raspberry Mocha 11OZ Bag 3PK - GA,Assembly,80,,,,,,,,,,,,,,,,126.8,,,,126.8
45052,Turkey Tail Astragalus TB Demo Tray - G,Assembly,75,228.9,20.2,,312.2,,,,41.5,,,,,,343.4,,,38.2,,,110.5
42081A,DO NOT MAKE AMZN ORG Irish Cream 25CT Tea Bag - G,Assembly,72,,,618.1,,,,,,,,,,,,,,,,,618.1
42099,Teeccino Herbal Tea Holiday Display,Assembly,72,14.3,12.3,,,35.2,27.5,5.3,6.0,13.9,1.5,38.2,,,,,,,9.8,14.9,6.2
62020,ORG Caramel Nut 5 Lb Bag - GA,WeighRight,70,,,,152.6,163.5,,,,,,137.4,,,,,,,,,154.1
63310,ORG Dandelion Mocha Mint 5 Lb Bag - A,WeighRight,68,,,,,,,,163.5,,,,183.1,,,,,171.7,,,173.0
43333,DO NOT MAKE ORG Dandelion Turmeric 25CT Tea Bag 3PK,Assembly,60,,,147.2,,,,,,,,,,,,,,,,,147.2
CLBOXAPG,Teeccino Chocolate Lovers APG Box,Assembly,60,,,,,,,,,,,,,,86.9,,,,,,86.9
62070,ORG Candy Cane 5 Lb Bag  - G,WeighRight,59,,,,,,,103.4,,,,,,126.7,,,,,,,114.5
86010l,ORG Dark Chocolate 10 Oz Bag/Box of 24,WeighRight,56,98.6,,,,,,,,,,,,,,,,,,,98.6
49997,Canadian Teeccino Herbal Tea Shipper,Assembly,51,,,,,,,,,,,8.9,,,,,,,,,8.9
63010,ORG Dandelion Vanilla Nut 5 Lb Bag - A,WeighRight,46,,,,,,,,57.2,,,,176.1,,,114.5,,,,,99.3
62040,Snickerdoodle 5 LB bag - GA,WeighRight,44,,,,,,,,,,,,,,,,,148.1,,,148.1
62120,ORG Chocolate Raspberry 5 Lb Bag - G,WeighRight,42,,,,,208.1,,72.0,,,,,,,,,,,,,104.5
TGB602,ORG Macadamia Nut Tea Bag Goody Bag,Assembly,40,,,,8.9,,,,,,,,,,,,,,,,8.9
45032,ORG Lion's Mane Rhodiola Tea Bag Demo Tray - G,Assembly,37,79.2,57.2,,,,,26.4,60.9,,,,,17.3,95.4,,,38.2,,,36.5
83370A,AMZN  ORG Blueberry Vanilla 10 Oz Bag,WeighRight,32,,27.1,,,,,,,,,,,,,,,,,,27.1
49999,Teeccino Herbal Tea Shipper,Assembly,31,49.1,8.7,,,9.8,7.2,19.1,8.8,,7.5,,,,,15.3,,17.2,,,9.7
50095,Teeccino Holiday Flavor Sampler,Assembly,30,,,,,,,11.8,,,,,,,,,,,,,11.8
60040,ORG Blood Orange 5 Lb Bag - GA,WeighRight,30,95.4,,,,,,,,,,,,,,,,,,,95.4
45022,Chaga Ashwaganda TB Demo Tray,Assembly,25,171.7,42.9,,6.2,,,,70.2,,,,,,190.8,,,38.2,,,37.7
90060,Health Practitioner Gift Box,Assembly,24,,,,,,,69.8,,,,,,,,,,,,,69.8
90001,Holiday Instant Gift Box,Assembly,20,,,,,,,,,,,,,,,,,,62.4,,62.4
40012,ORG Vanilla Nut Tea Bag Demo Tray - GA,Assembly,16,,,,11.6,,,,38.2,,,,,,,,,,,31.9,26.7
62010,ORG Pumpkin Spice 5 Lb Bag - GA,WeighRight,12,,,,,,,,,,274.7,,,,,,,,,,274.7
62050,Gingerbread 5 LB Bag - GA,WeighRight,12,,,,,,,,,152.7,,,,,,,,,,,152.7
43222,ORG Dandelion Caramel Nut Tea Bag Demo Tray - A,Assembly,9,,,,6.2,,,,27.5,,,,,,,,,,,46.8,24.9
43112,ORG Dandelion Dark Roast Tea Bag Demo Tray,Assembly,7,,,,13.2,13.7,,,26.4,,,,,,,,,,,,15.6
43312,ORG Dandelion Mocha Mint Tea Bag Demo Tray - A,Assembly,7,42.9,,,21.9,12.5,,,16.4,,,,,,,,,,,,18.3
43342,ORG Dandelion Coconut Tea Bag Demo Tray - A,Assembly,7,,,,,,,,31.2,,,,,,,,,,,50.3,46.2
46012,ORG Dark Chocolate Tea Bag Demo Tray,Assembly,6,,,,,,,,,,,,,,,,,,,54.2,54.2
40062,ORG Hazelnut Tea Bag Demo Tray,Assembly,5,26.4,,,5.8,11.4,,,21.5,,,,,,,,,,,,9.6
40112,ORG French Roast Tea Bag Demo Tray - G,Assembly,3,,,,,3.3,,68.7,28.6,,,,,,,,,,,,8.4
45012,Reishi Eleuthero TB Demo Tray - G,Assembly,2,,,,12.3,,,,,,,,,,,,,,,,12.3
40137,ORG Maca Chocolate Tea Bag Demo Tray,Assembly,1,,,,,9.8,,,,,,,,,,,,,,,9.8
