week_start,week_end,complete,total_inventory_units,basis,estimated
2024-12-30,2025-01-05,True,130029,FBA ledger (reconstructed),TRUE
2025-01-06,2025-01-12,True,131755,FBA ledger (reconstructed),TRUE
2025-01-13,2025-01-19,True,138998,FBA ledger (reconstructed),TRUE
2025-01-20,2025-01-26,True,147488,FBA ledger (reconstructed),TRUE
2025-01-27,2025-02-02,True,159634,FBA ledger (reconstructed),TRUE
2025-02-03,2025-02-09,True,157431,FBA ledger (reconstructed),TRUE
2025-02-10,2025-02-16,True,158832,FBA ledger (reconstructed),TRUE
2025-02-17,2025-02-23,True,153594,FBA ledger (reconstructed),TRUE
2025-02-24,2025-03-02,True,148895,FBA ledger (reconstructed),TRUE
2025-03-03,2025-03-09,True,153839,FBA ledger (reconstructed),TRUE
2025-03-10,2025-03-16,True,154191,FBA ledger (reconstructed),TRUE
2025-03-17,2025-03-23,True,157491,FBA ledger (reconstructed),TRUE
2025-03-24,2025-03-30,True,174292,FBA ledger (reconstructed),TRUE
2025-03-31,2025-04-06,True,178337,FBA ledger (reconstructed),TRUE
2025-04-07,2025-04-13,True,169993,FBA ledger (reconstructed),TRUE
2025-04-14,2025-04-20,True,169951,FBA ledger (reconstructed),TRUE
2025-04-21,2025-04-27,True,169844,FBA ledger (reconstructed),TRUE
2025-04-28,2025-05-04,True,171549,FBA ledger (reconstructed),TRUE
2025-05-05,2025-05-11,True,170259,FBA ledger (reconstructed),TRUE
2025-05-12,2025-05-18,True,164848,FBA ledger (reconstructed),TRUE
2025-05-19,2025-05-25,True,165844,FBA ledger (reconstructed),TRUE
2025-05-26,2025-06-01,True,163565,FBA ledger (reconstructed),TRUE
2025-06-02,2025-06-08,True,161268,FBA ledger (reconstructed),TRUE
2025-06-09,2025-06-15,True,158621,FBA ledger (reconstructed),TRUE
2025-06-16,2025-06-22,True,152930,FBA ledger (reconstructed),TRUE
2025-06-23,2025-06-29,True,145142,FBA ledger (reconstructed),TRUE
2025-06-30,2025-07-06,True,140968,FBA ledger (reconstructed),TRUE
2025-07-07,2025-07-13,True,130222,FBA ledger (reconstructed),TRUE
2025-07-14,2025-07-20,True,121988,FBA ledger (reconstructed),TRUE
2025-07-21,2025-07-27,True,117764,FBA ledger (reconstructed),TRUE
2025-07-28,2025-08-03,True,113836,FBA ledger (reconstructed),TRUE
2025-08-04,2025-08-10,True,114358,FBA ledger (reconstructed),TRUE
2025-08-11,2025-08-17,True,110233,FBA ledger (reconstructed),TRUE
2025-08-18,2025-08-24,True,105036,FBA ledger (reconstructed),TRUE
2025-08-25,2025-08-31,True,105107,FBA ledger (reconstructed),TRUE
2025-09-01,2025-09-07,True,103871,FBA ledger (reconstructed),TRUE
2025-09-08,2025-09-14,True,96364,FBA ledger (reconstructed),TRUE
2025-09-15,2025-09-21,True,88197,FBA ledger (reconstructed),TRUE
2025-09-22,2025-09-28,True,87434,FBA ledger (reconstructed),TRUE
2025-09-29,2025-10-05,True,96010,FBA ledger (reconstructed),TRUE
2025-10-06,2025-10-12,True,96388,FBA ledger (reconstructed),TRUE
2025-10-13,2025-10-19,True,71851,FBA ledger (reconstructed),TRUE
2025-10-20,2025-10-26,True,110143,FBA ledger (reconstructed),TRUE
2025-10-27,2025-11-02,True,103076,FBA ledger (reconstructed),TRUE
2025-11-03,2025-11-09,True,103154,FBA ledger (reconstructed),TRUE
2025-11-10,2025-11-16,True,109824,FBA ledger (reconstructed),TRUE
2025-11-17,2025-11-23,True,111309,FBA ledger (reconstructed),TRUE
2025-11-24,2025-11-30,True,117639,FBA ledger (reconstructed),TRUE
2025-12-01,2025-12-07,True,110814,FBA ledger (reconstructed),TRUE
2025-12-08,2025-12-14,True,107242,FBA ledger (reconstructed),TRUE
2025-12-15,2025-12-21,True,110959,FBA ledger (reconstructed),TRUE
2025-12-22,2025-12-28,True,106947,FBA ledger (reconstructed),TRUE
2025-12-29,2026-01-04,True,105429,FBA ledger (reconstructed),TRUE
2026-01-05,2026-01-11,True,105339,FBA ledger (reconstructed),TRUE
2026-01-12,2026-01-18,True,107990,FBA ledger (reconstructed),TRUE
2026-01-19,2026-01-25,True,120920,FBA ledger (reconstructed),TRUE
2026-01-26,2026-02-01,True,126840,FBA ledger (reconstructed),TRUE
2026-02-02,2026-02-08,True,137478,FBA ledger (reconstructed),TRUE
2026-02-09,2026-02-15,True,140993,FBA ledger (reconstructed),TRUE
2026-02-16,2026-02-22,True,138856,FBA ledger (reconstructed),TRUE
2026-02-23,2026-03-01,True,141901,FBA ledger (reconstructed),TRUE
2026-03-02,2026-03-08,True,135660,FBA ledger (reconstructed),TRUE
2026-03-09,2026-03-15,True,133552,FBA ledger (reconstructed),TRUE
2026-03-16,2026-03-22,True,135686,FBA ledger (reconstructed),TRUE
2026-03-23,2026-03-29,True,144219,FBA ledger (reconstructed),TRUE
2026-03-30,2026-04-05,True,147169,FBA ledger (reconstructed),TRUE
2026-04-06,2026-04-12,True,146220,FBA ledger (reconstructed),TRUE
2026-04-13,2026-04-19,True,143490,FBA ledger (reconstructed),TRUE
2026-04-20,2026-04-26,True,136799,FBA ledger (reconstructed),TRUE
2026-04-27,2026-05-03,True,144545,FBA ledger (reconstructed),TRUE
2026-05-04,2026-05-10,True,135806,FBA ledger (reconstructed),TRUE
2026-05-11,2026-05-17,True,133211,FBA ledger (reconstructed),TRUE
2026-05-18,2026-05-24,True,127583,FBA ledger (reconstructed),TRUE
2026-05-25,2026-05-31,True,125291,FBA ledger (reconstructed),TRUE
2026-06-01,2026-06-07,True,122814,FBA ledger (reconstructed),TRUE
2026-06-08,2026-06-14,True,119609,FBA ledger (reconstructed),TRUE
2026-06-15,2026-06-21,True,113328,FBA ledger (reconstructed),TRUE
2026-06-22,2026-06-28,True,106872,FBA ledger (reconstructed),TRUE
2026-06-29,2026-07-05,True,112574,FBA ledger (reconstructed),TRUE
2026-07-06,2026-07-12,True,115795,FBA ledger (reconstructed),TRUE
2026-07-13,2026-07-19,True,129198,Live FBA snapshot,FALSE
2026-07-20,2026-07-26,True,128763,Live FBA snapshot,FALSE
2026-07-27,2026-08-02,True,135370,Live FBA snapshot,FALSE
2026-08-03,2026-08-09,True,119879,Live FBA snapshot,FALSE
2026-08-10,2026-08-16,True,109545,Live FBA snapshot,FALSE
2026-08-17,2026-08-23,True,121016,Live FBA snapshot,FALSE
2026-08-24,2026-08-30,False,125974,Live FBA snapshot,FALSE
